"Source:","/home/aswin/Desktop/beaglev-kicad/BeagleV/BeagleV.kicad_sch"
"Date:","Mon Jun 14 16:32:45 2021"
"Tool:","Eeschema 5.99.0-unknown-a6c3d74a73~125~ubuntu20.04.1"
"Generator:","/usr/share/kicad-nightly/plugins/bom_csv_grouped_by_value.py"
"Component Count:","576"

"Individual Components:"

"Item","Qty","Reference(s)","Value","LibPart","Footprint","Datasheet"
"","","ANT1","RFECA3216060A1T","BeagleV:RFECA3216060A1T","BeagleV:RFECA3216060A1T",""
"","","C1","100nF/10V","Device:C_Small","Capacitor_SMD:C_0201_0603Metric_Pad0.64x0.40mm_HandSolder","~"
"","","C2","100nF/10V1","Device:C_Small","Capacitor_SMD:C_0201_0603Metric_Pad0.64x0.40mm_HandSolder","~"
"","","C3","100n/10V","Device:C_Small","Capacitor_SMD:C_0201_0603Metric_Pad0.64x0.40mm_HandSolder","~"
"","","C4","10uF/6.3V","Device:C_Small","Capacitor_SMD:C_0402_1005Metric_Pad0.74x0.62mm_HandSolder","~"
"","","C5","100nF/10V","Device:C_Small","Capacitor_SMD:C_0201_0603Metric_Pad0.64x0.40mm_HandSolder","~"
"","","C6","100nF/10V","Device:C_Small","Capacitor_SMD:C_0201_0603Metric_Pad0.64x0.40mm_HandSolder","~"
"","","C7","100nF/10V","Device:C_Small","Capacitor_SMD:C_0201_0603Metric_Pad0.64x0.40mm_HandSolder","~"
"","","C8","100nF/10V","Device:C_Small","Capacitor_SMD:C_0201_0603Metric_Pad0.64x0.40mm_HandSolder","~"
"","","C9","100nF/10V","Device:C_Small","Capacitor_SMD:C_0201_0603Metric_Pad0.64x0.40mm_HandSolder","~"
"","","C10","10uF/6.3V","Device:C_Small","Capacitor_SMD:C_0402_1005Metric_Pad0.74x0.62mm_HandSolder","~"
"","","C11","100nF/10V","Device:C_Small","Capacitor_SMD:C_0201_0603Metric_Pad0.64x0.40mm_HandSolder","~"
"","","C12","100nF/10V","Device:C_Small","Capacitor_SMD:C_0201_0603Metric_Pad0.64x0.40mm_HandSolder","~"
"","","C13","100nF/10V","Device:C_Small","Capacitor_SMD:C_0201_0603Metric_Pad0.64x0.40mm_HandSolder","~"
"","","C14","100nF/10V","Device:C_Small","Capacitor_SMD:C_0201_0603Metric_Pad0.64x0.40mm_HandSolder","~"
"","","C15","100nF/10V","Device:C_Small","Capacitor_SMD:C_0201_0603Metric_Pad0.64x0.40mm_HandSolder","~"
"","","C16","100nF/10V","Device:C_Small","Capacitor_SMD:C_0201_0603Metric_Pad0.64x0.40mm_HandSolder","~"
"","","C17","100nF/10V","Device:C_Small","Capacitor_SMD:C_0201_0603Metric_Pad0.64x0.40mm_HandSolder","~"
"","","C18","100nF/10V","Device:C_Small","Capacitor_SMD:C_0201_0603Metric_Pad0.64x0.40mm_HandSolder","~"
"","","C19","100nF/10V","Device:C_Small","Capacitor_SMD:C_0201_0603Metric_Pad0.64x0.40mm_HandSolder","~"
"","","C20","100nF/10V","Device:C_Small","Capacitor_SMD:C_0201_0603Metric_Pad0.64x0.40mm_HandSolder","~"
"","","C21","100uF/6.3V","Device:C_Small","Capacitor_SMD:C_1206_3216Metric_Pad1.33x1.80mm_HandSolder","~"
"","","C22","10uF/6.3V","Device:C_Small","Capacitor_SMD:C_0402_1005Metric_Pad0.74x0.62mm_HandSolder","~"
"","","C23","10uF/6.3V","Device:C_Small","Capacitor_SMD:C_0402_1005Metric_Pad0.74x0.62mm_HandSolder","~"
"","","C24","100nF/10V","Device:C_Small","Capacitor_SMD:C_0201_0603Metric_Pad0.64x0.40mm_HandSolder","~"
"","","C25","100nF/10V","Device:C_Small","Capacitor_SMD:C_0201_0603Metric_Pad0.64x0.40mm_HandSolder","~"
"","","C26","100uF/10V","Device:C_Small","Capacitor_SMD:C_1206_3216Metric_Pad1.33x1.80mm_HandSolder","~"
"","","C27","22uF/10V","Device:C_Small","Capacitor_SMD:C_0603_1608Metric_Pad1.08x0.95mm_HandSolder","~"
"","","C28","10uF/6.3V","Device:C_Small","Capacitor_SMD:C_0402_1005Metric_Pad0.74x0.62mm_HandSolder","~"
"","","C29","100nF/10V","Device:C_Small","Capacitor_SMD:C_0201_0603Metric_Pad0.64x0.40mm_HandSolder","~"
"","","C30","100uF/4V","Device:C_Small","Capacitor_SMD:C_0402_1005Metric_Pad0.74x0.62mm_HandSolder","~"
"","","C31","100uF/4V","Device:C_Small","Capacitor_SMD:C_0402_1005Metric_Pad0.74x0.62mm_HandSolder","~"
"","","C32","10uF/6.3V","Device:C_Small","Capacitor_SMD:C_0402_1005Metric_Pad0.74x0.62mm_HandSolder","~"
"","","C33","100nF/10V","Device:C_Small","Capacitor_SMD:C_0201_0603Metric_Pad0.64x0.40mm_HandSolder","~"
"","","C34","10uF/6.3V","Device:C_Small","Capacitor_SMD:C_0402_1005Metric_Pad0.74x0.62mm_HandSolder","~"
"","","C35","100nF/10V","Device:C_Small","Capacitor_SMD:C_0201_0603Metric_Pad0.64x0.40mm_HandSolder","~"
"","","C36","10uF/6.3V","Device:C_Small","Capacitor_SMD:C_0402_1005Metric_Pad0.74x0.62mm_HandSolder","~"
"","","C37","100nF/10V","Device:C_Small","Capacitor_SMD:C_0201_0603Metric_Pad0.64x0.40mm_HandSolder","~"
"","","C38","10uF/6.3V","Device:C_Small","Capacitor_SMD:C_0402_1005Metric_Pad0.74x0.62mm_HandSolder","~"
"","","C39","100nF/10V","Device:C_Small","Capacitor_SMD:C_0201_0603Metric_Pad0.64x0.40mm_HandSolder","~"
"","","C40","10nF/50V","Device:C_Small","Capacitor_SMD:C_0402_1005Metric_Pad0.74x0.62mm_HandSolder","~"
"","","C41","DNP","Device:C_Small","","~"
"","","C42","DNP","Device:C_Small","","~"
"","","C43","22pF/50V","Device:C_Small","Capacitor_SMD:C_0402_1005Metric_Pad0.74x0.62mm_HandSolder","~"
"","","C44","DNP","Device:C_Small","Capacitor_SMD:C_0402_1005Metric_Pad0.74x0.62mm_HandSolder","~"
"","","C45","22pF/50V","Device:C_Small","Capacitor_SMD:C_0402_1005Metric_Pad0.74x0.62mm_HandSolder","~"
"","","C46","10pF","Device:C_Small","Capacitor_SMD:C_0402_1005Metric_Pad0.74x0.62mm_HandSolder","~"
"","","C47","100nF/10V","Device:C_Small","Capacitor_SMD:C_0402_1005Metric_Pad0.74x0.62mm_HandSolder","~"
"","","C48","22uF","Device:C_Small","Capacitor_SMD:C_0603_1608Metric_Pad1.08x0.95mm_HandSolder","~"
"","","C49","1uF/10V","Device:C_Small","Capacitor_SMD:C_0402_1005Metric_Pad0.74x0.62mm_HandSolder","~"
"","","C50","100nF/10V","Device:C_Small","Capacitor_SMD:C_0201_0603Metric_Pad0.64x0.40mm_HandSolder","~"
"","","C51","100nF/10V","Device:C_Small","Capacitor_SMD:C_0201_0603Metric_Pad0.64x0.40mm_HandSolder","~"
"","","C52","100nF/10V","Device:C_Small","Capacitor_SMD:C_0201_0603Metric_Pad0.64x0.40mm_HandSolder","~"
"","","C53","100nF/10V","Device:C_Small","Capacitor_SMD:C_0201_0603Metric_Pad0.64x0.40mm_HandSolder","~"
"","","C54","100nF/10V","Device:C_Small","Capacitor_SMD:C_0201_0603Metric_Pad0.64x0.40mm_HandSolder","~"
"","","C55","100nF/10V","Device:C_Small","Capacitor_SMD:C_0201_0603Metric_Pad0.64x0.40mm_HandSolder","~"
"","","C56","100nF/10V","Device:C_Small","Capacitor_SMD:C_0201_0603Metric_Pad0.64x0.40mm_HandSolder","~"
"","","C57","100nF/10V","Device:C_Small","Capacitor_SMD:C_0201_0603Metric_Pad0.64x0.40mm_HandSolder","~"
"","","C58","100nF/10V","Device:C_Small","Capacitor_SMD:C_0201_0603Metric_Pad0.64x0.40mm_HandSolder","~"
"","","C59","10uF/6.4V","Device:C_Small","Capacitor_SMD:C_0402_1005Metric_Pad0.74x0.62mm_HandSolder","~"
"","","C60","10uF/6.4V","Device:C_Small","Capacitor_SMD:C_0402_1005Metric_Pad0.74x0.62mm_HandSolder","~"
"","","C61","100nF/10V","Device:C_Small","Capacitor_SMD:C_0201_0603Metric_Pad0.64x0.40mm_HandSolder","~"
"","","C62","100nF/10V","Device:C_Small","Capacitor_SMD:C_0201_0603Metric_Pad0.64x0.40mm_HandSolder","~"
"","","C63","100nF/10V","Device:C_Small","Capacitor_SMD:C_0201_0603Metric_Pad0.64x0.40mm_HandSolder","~"
"","","C64","100nF/10V","Device:C_Small","Capacitor_SMD:C_0201_0603Metric_Pad0.64x0.40mm_HandSolder","~"
"","","C65","100nF/10V","Device:C_Small","Capacitor_SMD:C_0201_0603Metric_Pad0.64x0.40mm_HandSolder","~"
"","","C66","100nF/10V","Device:C_Small","Capacitor_SMD:C_0201_0603Metric_Pad0.64x0.40mm_HandSolder","~"
"","","C67","10uF/6.4V","Device:C_Small","Capacitor_SMD:C_0402_1005Metric_Pad0.74x0.62mm_HandSolder","~"
"","","C68","22uF/10V","Device:C_Small","Capacitor_SMD:C_0603_1608Metric_Pad1.08x0.95mm_HandSolder","~"
"","","C69","1uF/10V","Device:C_Small","Capacitor_SMD:C_0402_1005Metric_Pad0.74x0.62mm_HandSolder","~"
"","","C70","100nF/10V","Device:C_Small","Capacitor_SMD:C_0201_0603Metric_Pad0.64x0.40mm_HandSolder","~"
"","","C71","100nF/10V","Device:C_Small","Capacitor_SMD:C_0201_0603Metric_Pad0.64x0.40mm_HandSolder","~"
"","","C72","100nF/10V","Device:C_Small","Capacitor_SMD:C_0201_0603Metric_Pad0.64x0.40mm_HandSolder","~"
"","","C73","100nF/10V","Device:C_Small","Capacitor_SMD:C_0201_0603Metric_Pad0.64x0.40mm_HandSolder","~"
"","","C74","100nF/10V","Device:C_Small","Capacitor_SMD:C_0201_0603Metric_Pad0.64x0.40mm_HandSolder","~"
"","","C75","100nF/10V","Device:C_Small","Capacitor_SMD:C_0201_0603Metric_Pad0.64x0.40mm_HandSolder","~"
"","","C76","100nF/10V","Device:C_Small","Capacitor_SMD:C_0201_0603Metric_Pad0.64x0.40mm_HandSolder","~"
"","","C77","100nF/10V","Device:C_Small","Capacitor_SMD:C_0201_0603Metric_Pad0.64x0.40mm_HandSolder","~"
"","","C78","100nF/10V","Device:C_Small","Capacitor_SMD:C_0201_0603Metric_Pad0.64x0.40mm_HandSolder","~"
"","","C79","10uf/6.4V","Device:C_Small","Capacitor_SMD:C_0402_1005Metric_Pad0.74x0.62mm_HandSolder","~"
"","","C80","22uF/10V","Device:C_Small","Capacitor_SMD:C_0603_1608Metric_Pad1.08x0.95mm_HandSolder","~"
"","","C81","1uF/10V","Device:C_Small","Capacitor_SMD:C_0402_1005Metric_Pad0.74x0.62mm_HandSolder","~"
"","","C82","100nF/10V","Device:C_Small","Capacitor_SMD:C_0201_0603Metric_Pad0.64x0.40mm_HandSolder","~"
"","","C83","100nF/10V","Device:C_Small","Capacitor_SMD:C_0201_0603Metric_Pad0.64x0.40mm_HandSolder","~"
"","","C84","100nF/10V","Device:C_Small","Capacitor_SMD:C_0201_0603Metric_Pad0.64x0.40mm_HandSolder","~"
"","","C85","100nF/10V","Device:C_Small","Capacitor_SMD:C_0201_0603Metric_Pad0.64x0.40mm_HandSolder","~"
"","","C86","100nF/10V","Device:C_Small","Capacitor_SMD:C_0201_0603Metric_Pad0.64x0.40mm_HandSolder","~"
"","","C87","100nF/10V","Device:C_Small","Capacitor_SMD:C_0201_0603Metric_Pad0.64x0.40mm_HandSolder","~"
"","","C88","100nF/10V","Device:C_Small","Capacitor_SMD:C_0201_0603Metric_Pad0.64x0.40mm_HandSolder","~"
"","","C89","100nF/10V","Device:C_Small","Capacitor_SMD:C_0201_0603Metric_Pad0.64x0.40mm_HandSolder","~"
"","","C90","100nF/10V","Device:C_Small","Capacitor_SMD:C_0201_0603Metric_Pad0.64x0.40mm_HandSolder","~"
"","","C91","10uF/6.3V","Device:C_Small","Capacitor_SMD:C_0402_1005Metric_Pad0.74x0.62mm_HandSolder","~"
"","","C92","10uF/6.3V","Device:C_Small","Capacitor_SMD:C_0402_1005Metric_Pad0.74x0.62mm_HandSolder","~"
"","","C93","100nF/10V","Device:C_Small","Capacitor_SMD:C_0201_0603Metric_Pad0.64x0.40mm_HandSolder","~"
"","","C94","100nF/10V","Device:C_Small","Capacitor_SMD:C_0201_0603Metric_Pad0.64x0.40mm_HandSolder","~"
"","","C95","100nF/10V","Device:C_Small","Capacitor_SMD:C_0201_0603Metric_Pad0.64x0.40mm_HandSolder","~"
"","","C96","100nF/10V","Device:C_Small","Capacitor_SMD:C_0201_0603Metric_Pad0.64x0.40mm_HandSolder","~"
"","","C97","100nF/10V","Device:C_Small","Capacitor_SMD:C_0201_0603Metric_Pad0.64x0.40mm_HandSolder","~"
"","","C98","100nF/10V","Device:C_Small","Capacitor_SMD:C_0201_0603Metric_Pad0.64x0.40mm_HandSolder","~"
"","","C99","10uF/6.3V","Device:C_Small","Capacitor_SMD:C_0402_1005Metric_Pad0.74x0.62mm_HandSolder","~"
"","","C100","22uF/10V","Device:C_Small","Capacitor_SMD:C_0603_1608Metric_Pad1.08x0.95mm_HandSolder","~"
"","","C101","1uF/10V","Device:C_Small","Capacitor_SMD:C_0402_1005Metric_Pad0.74x0.62mm_HandSolder","~"
"","","C102","100nF/10V","Device:C_Small","Capacitor_SMD:C_0201_0603Metric_Pad0.64x0.40mm_HandSolder","~"
"","","C103","100nF/10V","Device:C_Small","Capacitor_SMD:C_0201_0603Metric_Pad0.64x0.40mm_HandSolder","~"
"","","C104","100nF/10V","Device:C_Small","Capacitor_SMD:C_0201_0603Metric_Pad0.64x0.40mm_HandSolder","~"
"","","C105","100nF/10V","Device:C_Small","Capacitor_SMD:C_0201_0603Metric_Pad0.64x0.40mm_HandSolder","~"
"","","C106","100nF/10V","Device:C_Small","Capacitor_SMD:C_0201_0603Metric_Pad0.64x0.40mm_HandSolder","~"
"","","C107","100nF/10V","Device:C_Small","Capacitor_SMD:C_0201_0603Metric_Pad0.64x0.40mm_HandSolder","~"
"","","C108","100nF/10V","Device:C_Small","Capacitor_SMD:C_0201_0603Metric_Pad0.64x0.40mm_HandSolder","~"
"","","C109","100nF/10V","Device:C_Small","Capacitor_SMD:C_0201_0603Metric_Pad0.64x0.40mm_HandSolder","~"
"","","C110","100nF/10V","Device:C_Small","Capacitor_SMD:C_0201_0603Metric_Pad0.64x0.40mm_HandSolder","~"
"","","C111","10uF/6.3V","Device:C_Small","Capacitor_SMD:C_0402_1005Metric_Pad0.74x0.62mm_HandSolder","~"
"","","C112","100nF/10V","Device:C_Small","Capacitor_SMD:C_0201_0603Metric_Pad0.64x0.40mm_HandSolder","~"
"","","C113","100nF/10V","Device:C_Small","Capacitor_SMD:C_0201_0603Metric_Pad0.64x0.40mm_HandSolder","~"
"","","C114","100nF/10V","Device:C_Small","Capacitor_SMD:C_0201_0603Metric_Pad0.64x0.40mm_HandSolder","~"
"","","C115","100nF/10V","Device:C_Small","Capacitor_SMD:C_0201_0603Metric_Pad0.64x0.40mm_HandSolder","~"
"","","C116","1uF/10V","Device:C_Small","Capacitor_SMD:C_0402_1005Metric_Pad0.74x0.62mm_HandSolder","~"
"","","C117","100nF/10V","Device:C_Small","Capacitor_SMD:C_0201_0603Metric_Pad0.64x0.40mm_HandSolder","~"
"","","C118","100nF/10V","Device:C_Small","Capacitor_SMD:C_0201_0603Metric_Pad0.64x0.40mm_HandSolder","~"
"","","C119","100nF/10V","Device:C_Small","Capacitor_SMD:C_0201_0603Metric_Pad0.64x0.40mm_HandSolder","~"
"","","C120","22uF/10V","Device:C_Small","Capacitor_SMD:C_0603_1608Metric_Pad1.08x0.95mm_HandSolder","~"
"","","C121","10uF/10V","Device:C_Small","Capacitor_SMD:C_0402_1005Metric_Pad0.74x0.62mm_HandSolder","~"
"","","C122","10uF/10V","Device:C_Small","Capacitor_SMD:C_0402_1005Metric_Pad0.74x0.62mm_HandSolder","~"
"","","C123","1uF/10V","Device:C_Small","Capacitor_SMD:C_0402_1005Metric_Pad0.74x0.62mm_HandSolder","~"
"","","C124","100nF/10V","Device:C_Small","Capacitor_SMD:C_0201_0603Metric_Pad0.64x0.40mm_HandSolder","~"
"","","C125","100nF/10V","Device:C_Small","Capacitor_SMD:C_0201_0603Metric_Pad0.64x0.40mm_HandSolder","~"
"","","C126","100nF/10V","Device:C_Small","Capacitor_SMD:C_0201_0603Metric_Pad0.64x0.40mm_HandSolder","~"
"","","C127","100nF/10V","Device:C_Small","Capacitor_SMD:C_0201_0603Metric_Pad0.64x0.40mm_HandSolder","~"
"","","C128","100nF/10V","Device:C_Small","Capacitor_SMD:C_0201_0603Metric_Pad0.64x0.40mm_HandSolder","~"
"","","C129","100nF/10V","Device:C_Small","Capacitor_SMD:C_0201_0603Metric_Pad0.64x0.40mm_HandSolder","~"
"","","C130","100nF/10V","Device:C_Small","Capacitor_SMD:C_0201_0603Metric_Pad0.64x0.40mm_HandSolder","~"
"","","C131","100nF/10V","Device:C_Small","Capacitor_SMD:C_0201_0603Metric_Pad0.64x0.40mm_HandSolder","~"
"","","C132","100nF/10V","Device:C_Small","Capacitor_SMD:C_0201_0603Metric_Pad0.64x0.40mm_HandSolder","~"
"","","C133","1nF/10V","Device:C_Small","Capacitor_SMD:C_0402_1005Metric_Pad0.74x0.62mm_HandSolder","~"
"","","C134","22uF/10V","Device:C_Small","Capacitor_SMD:C_0603_1608Metric_Pad1.08x0.95mm_HandSolder","~"
"","","C135","10uF/10V","Device:C_Small","Capacitor_SMD:C_0402_1005Metric_Pad0.74x0.62mm_HandSolder","~"
"","","C136","1uF/10V","Device:C_Small","Capacitor_SMD:C_0402_1005Metric_Pad0.74x0.62mm_HandSolder","~"
"","","C137","100nF/10V","Device:C_Small","Capacitor_SMD:C_0201_0603Metric_Pad0.64x0.40mm_HandSolder","~"
"","","C138","100nF/10V","Device:C_Small","Capacitor_SMD:C_0201_0603Metric_Pad0.64x0.40mm_HandSolder","~"
"","","C139","100nF/10V","Device:C_Small","Capacitor_SMD:C_0201_0603Metric_Pad0.64x0.40mm_HandSolder","~"
"","","C140","100nF/10V","Device:C_Small","Capacitor_SMD:C_0201_0603Metric_Pad0.64x0.40mm_HandSolder","~"
"","","C141","1nF/10V","Device:C_Small","Capacitor_SMD:C_0402_1005Metric_Pad0.74x0.62mm_HandSolder","~"
"","","C142","22uF/10V","Device:C_Small","Capacitor_SMD:C_0603_1608Metric_Pad1.08x0.95mm_HandSolder","~"
"","","C143","10uF/10V","Device:C_Small","Capacitor_SMD:C_0402_1005Metric_Pad0.74x0.62mm_HandSolder","~"
"","","C144","0uF/10V","Device:C_Small","Capacitor_SMD:C_0402_1005Metric_Pad0.74x0.62mm_HandSolder","~"
"","","C145","1uF/10V","Device:C_Small","Capacitor_SMD:C_0402_1005Metric_Pad0.74x0.62mm_HandSolder","~"
"","","C146","100nF/10V","Device:C_Small","Capacitor_SMD:C_0201_0603Metric_Pad0.64x0.40mm_HandSolder","~"
"","","C147","100nF/10V","Device:C_Small","Capacitor_SMD:C_0201_0603Metric_Pad0.64x0.40mm_HandSolder","~"
"","","C148","100nF/10V","Device:C_Small","Capacitor_SMD:C_0201_0603Metric_Pad0.64x0.40mm_HandSolder","~"
"","","C149","100nF/10V","Device:C_Small","Capacitor_SMD:C_0201_0603Metric_Pad0.64x0.40mm_HandSolder","~"
"","","C150","100nF/10V","Device:C_Small","Capacitor_SMD:C_0201_0603Metric_Pad0.64x0.40mm_HandSolder","~"
"","","C151","100nF/10V","Device:C_Small","Capacitor_SMD:C_0201_0603Metric_Pad0.64x0.40mm_HandSolder","~"
"","","C152","100nF/10V","Device:C_Small","Capacitor_SMD:C_0201_0603Metric_Pad0.64x0.40mm_HandSolder","~"
"","","C153","100nF/10V","Device:C_Small","Capacitor_SMD:C_0201_0603Metric_Pad0.64x0.40mm_HandSolder","~"
"","","C154","100nF/10V","Device:C_Small","Capacitor_SMD:C_0201_0603Metric_Pad0.64x0.40mm_HandSolder","~"
"","","C155","1nF/10V","Device:C_Small","Capacitor_SMD:C_0402_1005Metric_Pad0.74x0.62mm_HandSolder","~"
"","","C156","22uF/10V","Device:C_Small","Capacitor_SMD:C_0603_1608Metric_Pad1.08x0.95mm_HandSolder","~"
"","","C157","22uF/10V","Device:C_Small","Capacitor_SMD:C_0603_1608Metric_Pad1.08x0.95mm_HandSolder","~"
"","","C158","10uF/10V","Device:C_Small","Capacitor_SMD:C_0402_1005Metric_Pad0.74x0.62mm_HandSolder","~"
"","","C159","10uF/10V","Device:C_Small","Capacitor_SMD:C_0402_1005Metric_Pad0.74x0.62mm_HandSolder","~"
"","","C160","1uF/10V","Device:C_Small","Capacitor_SMD:C_0402_1005Metric_Pad0.74x0.62mm_HandSolder","~"
"","","C161","100nF/10V","Device:C_Small","Capacitor_SMD:C_0201_0603Metric_Pad0.64x0.40mm_HandSolder","~"
"","","C162","100nF/10V","Device:C_Small","Capacitor_SMD:C_0201_0603Metric_Pad0.64x0.40mm_HandSolder","~"
"","","C163","100nF/10V","Device:C_Small","Capacitor_SMD:C_0201_0603Metric_Pad0.64x0.40mm_HandSolder","~"
"","","C164","100nF/10V","Device:C_Small","Capacitor_SMD:C_0201_0603Metric_Pad0.64x0.40mm_HandSolder","~"
"","","C165","100nF/10V","Device:C_Small","Capacitor_SMD:C_0201_0603Metric_Pad0.64x0.40mm_HandSolder","~"
"","","C166","100nF/10V","Device:C_Small","Capacitor_SMD:C_0201_0603Metric_Pad0.64x0.40mm_HandSolder","~"
"","","C167","100nF/10V","Device:C_Small","Capacitor_SMD:C_0201_0603Metric_Pad0.64x0.40mm_HandSolder","~"
"","","C168","100nF/10V","Device:C_Small","Capacitor_SMD:C_0201_0603Metric_Pad0.64x0.40mm_HandSolder","~"
"","","C169","100nF/10V","Device:C_Small","Capacitor_SMD:C_0201_0603Metric_Pad0.64x0.40mm_HandSolder","~"
"","","C170","100nF/10V","Device:C_Small","Capacitor_SMD:C_0201_0603Metric_Pad0.64x0.40mm_HandSolder","~"
"","","C171","100nF/10V","Device:C_Small","Capacitor_SMD:C_0201_0603Metric_Pad0.64x0.40mm_HandSolder","~"
"","","C172","100nF/10V","Device:C_Small","Capacitor_SMD:C_0201_0603Metric_Pad0.64x0.40mm_HandSolder","~"
"","","C173","100nF/10V","Device:C_Small","Capacitor_SMD:C_0201_0603Metric_Pad0.64x0.40mm_HandSolder","~"
"","","C174","100nF/10V","Device:C_Small","Capacitor_SMD:C_0201_0603Metric_Pad0.64x0.40mm_HandSolder","~"
"","","C175","100nF/10V","Device:C_Small","Capacitor_SMD:C_0201_0603Metric_Pad0.64x0.40mm_HandSolder","~"
"","","C176","1nF/10V","Device:C_Small","Capacitor_SMD:C_0402_1005Metric_Pad0.74x0.62mm_HandSolder","~"
"","","C177","10uF/6.3V","Device:C_Small","Capacitor_SMD:C_0402_1005Metric_Pad0.74x0.62mm_HandSolder","~"
"","","C178","1uF/10V","Device:C_Small","Capacitor_SMD:C_0402_1005Metric_Pad0.74x0.62mm_HandSolder","~"
"","","C179","100nF/10V","Device:C_Small","Capacitor_SMD:C_0201_0603Metric_Pad0.64x0.40mm_HandSolder","~"
"","","C180","100nF/10V","Device:C_Small","Capacitor_SMD:C_0201_0603Metric_Pad0.64x0.40mm_HandSolder","~"
"","","C181","100nF/10V","Device:C_Small","Capacitor_SMD:C_0201_0603Metric_Pad0.64x0.40mm_HandSolder","~"
"","","C182","1uF/10V","Device:C_Small","Capacitor_SMD:C_0402_1005Metric_Pad0.74x0.62mm_HandSolder","~"
"","","C183","100nF/10V","Device:C_Small","Capacitor_SMD:C_0201_0603Metric_Pad0.64x0.40mm_HandSolder","~"
"","","C184","100nF/10V","Device:C_Small","Capacitor_SMD:C_0201_0603Metric_Pad0.64x0.40mm_HandSolder","~"
"","","C185","100nF/10V","Device:C_Small","Capacitor_SMD:C_0201_0603Metric_Pad0.64x0.40mm_HandSolder","~"
"","","C186","100nF/10V","Device:C_Small","Capacitor_SMD:C_0201_0603Metric_Pad0.64x0.40mm_HandSolder","~"
"","","C187","10uF/6.4V","Device:C_Small","Capacitor_SMD:C_0402_1005Metric_Pad0.74x0.62mm_HandSolder","~"
"","","C188","1uF/10V","Device:C_Small","Capacitor_SMD:C_0402_1005Metric_Pad0.74x0.62mm_HandSolder","~"
"","","C189","100nF/10V","Device:C_Small","Capacitor_SMD:C_0201_0603Metric_Pad0.64x0.40mm_HandSolder","~"
"","","C190","100nF/10V","Device:C_Small","Capacitor_SMD:C_0201_0603Metric_Pad0.64x0.40mm_HandSolder","~"
"","","C191","100nF/10V","Device:C_Small","Capacitor_SMD:C_0201_0603Metric_Pad0.64x0.40mm_HandSolder","~"
"","","C192","1uF/10V","Device:C_Small","Capacitor_SMD:C_0402_1005Metric_Pad0.74x0.62mm_HandSolder","~"
"","","C193","100nF/10V","Device:C_Small","Capacitor_SMD:C_0201_0603Metric_Pad0.64x0.40mm_HandSolder","~"
"","","C194","100nF/10V","Device:C_Small","Capacitor_SMD:C_0201_0603Metric_Pad0.64x0.40mm_HandSolder","~"
"","","C195","100nF/10V","Device:C_Small","Capacitor_SMD:C_0201_0603Metric_Pad0.64x0.40mm_HandSolder","~"
"","","C196","DNP","Device:C_Small","","~"
"","","C197","100nF","Device:C_Small","Capacitor_SMD:C_0402_1005Metric_Pad0.74x0.62mm_HandSolder","~"
"","","C198","1uF/10V","Device:C_Small","Capacitor_SMD:C_0402_1005Metric_Pad0.74x0.62mm_HandSolder","~"
"","","C199","100nF/10V","Device:C_Small","Capacitor_SMD:C_0201_0603Metric_Pad0.64x0.40mm_HandSolder","~"
"","","C200","2.2uF/6.3V","Device:C_Small","Capacitor_SMD:C_0402_1005Metric_Pad0.74x0.62mm_HandSolder","~"
"","","C201","100nF/10V","Device:C_Small","Capacitor_SMD:C_0201_0603Metric_Pad0.64x0.40mm_HandSolder","~"
"","","C202","1uF/10V","Device:C_Small","Capacitor_SMD:C_0402_1005Metric_Pad0.74x0.62mm_HandSolder","~"
"","","C203","100nF/10V","Device:C_Small","Capacitor_SMD:C_0201_0603Metric_Pad0.64x0.40mm_HandSolder","~"
"","","C204","1uF/10V","Device:C_Small","Capacitor_SMD:C_0402_1005Metric_Pad0.74x0.62mm_HandSolder","~"
"","","C205","100nF/10V","Device:C_Small","Capacitor_SMD:C_0201_0603Metric_Pad0.64x0.40mm_HandSolder","~"
"","","C206","1uF/10V","Device:C_Small","Capacitor_SMD:C_0402_1005Metric_Pad0.74x0.62mm_HandSolder","~"
"","","C207","100nF/10V","Device:C_Small","Capacitor_SMD:C_0201_0603Metric_Pad0.64x0.40mm_HandSolder","~"
"","","C208","1uF/10V","Device:C_Small","Capacitor_SMD:C_0402_1005Metric_Pad0.74x0.62mm_HandSolder","~"
"","","C209","100nF/10V","Device:C_Small","Capacitor_SMD:C_0201_0603Metric_Pad0.64x0.40mm_HandSolder","~"
"","","C210","100nF/10V","Device:C_Small","Capacitor_SMD:C_0201_0603Metric_Pad0.64x0.40mm_HandSolder","~"
"","","C211","100nF/10V","Device:C_Small","Capacitor_SMD:C_0201_0603Metric_Pad0.64x0.40mm_HandSolder","~"
"","","C212","100nF/10V","Device:C_Small","Capacitor_SMD:C_0201_0603Metric_Pad0.64x0.40mm_HandSolder","~"
"","","C213","1pF/50V","Device:C_Small","Capacitor_SMD:C_0201_0603Metric_Pad0.64x0.40mm_HandSolder","~"
"","","C215","10pF","Device:C_Small","Capacitor_SMD:C_0402_1005Metric_Pad0.74x0.62mm_HandSolder","~"
"","","C216","1uF/10V","Device:C_Small","Capacitor_SMD:C_0402_1005Metric_Pad0.74x0.62mm_HandSolder","~"
"","","C217","100nF/10V","Device:C_Small","Capacitor_SMD:C_0201_0603Metric_Pad0.64x0.40mm_HandSolder","~"
"","","C218","1uF/10V","Device:C_Small","Capacitor_SMD:C_0402_1005Metric_Pad0.74x0.62mm_HandSolder","~"
"","","C219","100nF/10V","Device:C_Small","Capacitor_SMD:C_0201_0603Metric_Pad0.64x0.40mm_HandSolder","~"
"","","C220","1uF/10V","Device:C_Small","Capacitor_SMD:C_0402_1005Metric_Pad0.74x0.62mm_HandSolder","~"
"","","C221","100nF/10V","Device:C_Small","Capacitor_SMD:C_0201_0603Metric_Pad0.64x0.40mm_HandSolder","~"
"","","C222","4.7uF/10V","Device:C_Small","Capacitor_SMD:C_0402_1005Metric_Pad0.74x0.62mm_HandSolder","~"
"","","C223","10pF","Device:C_Small","Capacitor_SMD:C_0402_1005Metric_Pad0.74x0.62mm_HandSolder","~"
"","","C224","10pF","Device:C_Small","Capacitor_SMD:C_0402_1005Metric_Pad0.74x0.62mm_HandSolder","~"
"","","C226","DNP","Device:C_Small","","~"
"","","C227","10nF/50V","Device:C_Small","Capacitor_SMD:C_0402_1005Metric_Pad0.74x0.62mm_HandSolder","~"
"","","C228","1nF/2kV","Device:C_Small","Capacitor_SMD:C_1206_3216Metric_Pad1.33x1.80mm_HandSolder","~"
"","","C229","100nF/10V","Device:C_Small","Capacitor_SMD:C_0201_0603Metric_Pad0.64x0.40mm_HandSolder","~"
"","","C230","10uF/6.3V","Device:C_Small","Capacitor_SMD:C_0402_1005Metric_Pad0.74x0.62mm_HandSolder","~"
"","","C231","10uF/6.3V","Device:C_Small","Capacitor_SMD:C_0402_1005Metric_Pad0.74x0.62mm_HandSolder","~"
"","","C232","10uF/6.3V","Device:C_Small","Capacitor_SMD:C_0402_1005Metric_Pad0.74x0.62mm_HandSolder","~"
"","","C233","100nF/10V","Device:C_Small","Capacitor_SMD:C_0402_1005Metric_Pad0.74x0.62mm_HandSolder","~"
"","","C234","1uF/10V","Device:C_Small","Capacitor_SMD:C_0402_1005Metric_Pad0.74x0.62mm_HandSolder","~"
"","","C235","22pF/50V","Device:C_Small","Capacitor_SMD:C_0402_1005Metric_Pad0.74x0.62mm_HandSolder","~"
"","","C236","22pF/50V","Device:C_Small","Capacitor_SMD:C_0402_1005Metric_Pad0.74x0.62mm_HandSolder","~"
"","","C237","100nF/10V","Device:C_Small","Capacitor_SMD:C_0201_0603Metric_Pad0.64x0.40mm_HandSolder","~"
"","","C238","100nF/10V","Device:C_Small","Capacitor_SMD:C_0201_0603Metric_Pad0.64x0.40mm_HandSolder","~"
"","","C239","100nF/10V","Device:C_Small","Capacitor_SMD:C_0201_0603Metric_Pad0.64x0.40mm_HandSolder","~"
"","","C240","100nF/10V","Device:C_Small","Capacitor_SMD:C_0201_0603Metric_Pad0.64x0.40mm_HandSolder","~"
"","","C241","100nF/10V","Device:C_Small","Capacitor_SMD:C_0201_0603Metric_Pad0.64x0.40mm_HandSolder","~"
"","","C242","100nF/10V","Device:C_Small","Capacitor_SMD:C_0201_0603Metric_Pad0.64x0.40mm_HandSolder","~"
"","","C243","100nF/10V","Device:C_Small","Capacitor_SMD:C_0201_0603Metric_Pad0.64x0.40mm_HandSolder","~"
"","","C244","100nF/10V","Device:C_Small","Capacitor_SMD:C_0201_0603Metric_Pad0.64x0.40mm_HandSolder","~"
"","","C245","100nF/10V","Device:C_Small","Capacitor_SMD:C_0201_0603Metric_Pad0.64x0.40mm_HandSolder","~"
"","","C246","22pF","Device:C_Small","Capacitor_SMD:C_0402_1005Metric_Pad0.74x0.62mm_HandSolder","~"
"","","C247","22pF","Device:C_Small","Capacitor_SMD:C_0402_1005Metric_Pad0.74x0.62mm_HandSolder","~"
"","","C248","22uF/10V","Device:C_Small","Capacitor_SMD:C_0603_1608Metric_Pad1.08x0.95mm_HandSolder","~"
"","","C249","10uF/10V","Device:C_Small","Capacitor_SMD:C_0603_1608Metric_Pad1.08x0.95mm_HandSolder","~"
"","","C250","100nF/10V","Device:C_Small","Capacitor_SMD:C_0402_1005Metric_Pad0.74x0.62mm_HandSolder","~"
"","","C266","2.2uF/6.3V","Device:C_Small","Capacitor_SMD:C_0402_1005Metric_Pad0.74x0.62mm_HandSolder","~"
"","","C267","100nF/10V","Device:C_Small","Capacitor_SMD:C_0402_1005Metric_Pad0.74x0.62mm_HandSolder","~"
"","","C268","2.2uF/10V","Device:C_Small","Capacitor_SMD:C_0402_1005Metric_Pad0.74x0.62mm_HandSolder","~"
"","","C269","100nF/10V","Device:C_Small","Capacitor_SMD:C_0201_0603Metric_Pad0.64x0.40mm_HandSolder","~"
"","","C270","100nF/10V","Device:C_Small","Capacitor_SMD:C_0201_0603Metric_Pad0.64x0.40mm_HandSolder","~"
"","","C271","2.2uF/6.3V","Device:C_Small","Capacitor_SMD:C_0402_1005Metric_Pad0.74x0.62mm_HandSolder","~"
"","","C272","100nF/10V","Device:C_Small","Capacitor_SMD:C_0201_0603Metric_Pad0.64x0.40mm_HandSolder","~"
"","","C273","22uF/10V","Device:C_Small","Capacitor_SMD:C_0603_1608Metric_Pad1.08x0.95mm_HandSolder","~"
"","","C274","22uF/10V","Device:C_Small","Capacitor_SMD:C_0603_1608Metric_Pad1.08x0.95mm_HandSolder","~"
"","","C275","22uF/10V","Device:C_Small","Capacitor_SMD:C_0603_1608Metric_Pad1.08x0.95mm_HandSolder","~"
"","","C276","22uF/10V","Device:C_Small","Capacitor_SMD:C_0603_1608Metric_Pad1.08x0.95mm_HandSolder","~"
"","","C277","100nF/10V","Device:C_Small","Capacitor_SMD:C_0201_0603Metric_Pad0.64x0.40mm_HandSolder","~"
"","","C278","10uF/6.3V","Device:C_Small","Capacitor_SMD:C_0402_1005Metric_Pad0.74x0.62mm_HandSolder","~"
"","","C279","100nF/10V","Device:C_Small","Capacitor_SMD:C_0402_1005Metric_Pad0.74x0.62mm_HandSolder","~"
"","","C280","10uF/6.3V","Device:C_Small","Capacitor_SMD:C_0402_1005Metric_Pad0.74x0.62mm_HandSolder","~"
"","","C281","100nF/10V","Device:C_Small","Capacitor_SMD:C_0201_0603Metric_Pad0.64x0.40mm_HandSolder","~"
"","","C282","100nF/10V","Device:C_Small","Capacitor_SMD:C_0201_0603Metric_Pad0.64x0.40mm_HandSolder","~"
"","","C283","22uF/10V","Device:C_Small","Capacitor_SMD:C_0603_1608Metric_Pad1.08x0.95mm_HandSolder","~"
"","","C284","22uF/10V","Device:C_Small","Capacitor_SMD:C_0603_1608Metric_Pad1.08x0.95mm_HandSolder","~"
"","","C286","100nF/10V","Device:C_Small","Capacitor_SMD:C_0201_0603Metric_Pad0.64x0.40mm_HandSolder","~"
"","","C287","100nF/10V","Device:C_Small","Capacitor_SMD:C_0201_0603Metric_Pad0.64x0.40mm_HandSolder","~"
"","","C288","10uF/10V","Device:C_Small","Capacitor_SMD:C_0402_1005Metric_Pad0.74x0.62mm_HandSolder","~"
"","","C289","2.2uF/10V","Device:C_Small","Capacitor_SMD:C_0603_1608Metric_Pad1.08x0.95mm_HandSolder","~"
"","","C290","2.2uF/10V","Device:C_Small","Capacitor_SMD:C_0603_1608Metric_Pad1.08x0.95mm_HandSolder","~"
"","","C291","10uF/10V","Device:C_Small","Capacitor_SMD:C_0603_1608Metric_Pad1.08x0.95mm_HandSolder","~"
"","","C293","10uF/10V","Device:C_Small","Capacitor_SMD:C_0603_1608Metric_Pad1.08x0.95mm_HandSolder","~"
"","","C294","22uF/10V","Device:C_Small","Capacitor_SMD:C_0603_1608Metric_Pad1.08x0.95mm_HandSolder","~"
"","","C295","22uF/10V","Device:C_Small","Capacitor_SMD:C_0603_1608Metric_Pad1.08x0.95mm_HandSolder","~"
"","","C296","2.2uF/10V","Device:C_Small","Capacitor_SMD:C_0402_1005Metric_Pad0.74x0.62mm_HandSolder","~"
"","","C297","100nF/10V","Device:C_Small","Capacitor_SMD:C_0201_0603Metric_Pad0.64x0.40mm_HandSolder","~"
"","","C298","10uF/10V","Device:C_Small","Capacitor_SMD:C_0402_1005Metric_Pad0.74x0.62mm_HandSolder","~"
"","","C300","100nF/10V","Device:C_Small","Capacitor_SMD:C_0201_0603Metric_Pad0.64x0.40mm_HandSolder","~"
"","","C301","2.2uF","Device:C_Small","Capacitor_SMD:C_0603_1608Metric_Pad1.08x0.95mm_HandSolder","~"
"","","C302","1nF/50V","Device:C_Small","Capacitor_SMD:C_0402_1005Metric_Pad0.74x0.62mm_HandSolder","~"
"","","C303","10uF","Device:C_Small","Capacitor_SMD:C_0603_1608Metric_Pad1.08x0.95mm_HandSolder","~"
"","","C304","10uF/10V","Device:C_Small","Capacitor_SMD:C_0603_1608Metric_Pad1.08x0.95mm_HandSolder","~"
"","","C305","100nF","Device:C_Small","Capacitor_SMD:C_0201_0603Metric_Pad0.64x0.40mm_HandSolder","~"
"","","C306","4.7uF/10V","Device:C_Small","Capacitor_SMD:C_0402_1005Metric_Pad0.74x0.62mm_HandSolder","~"
"","","C307","4.7uF/10V","Device:C_Small","Capacitor_SMD:C_0402_1005Metric_Pad0.74x0.62mm_HandSolder","~"
"","","C308","2.2uF/10V","Device:C_Small","Capacitor_SMD:C_0603_1608Metric_Pad1.08x0.95mm_HandSolder","~"
"","","C309","1uF/10V","Device:C_Small","Capacitor_SMD:C_0402_1005Metric_Pad0.74x0.62mm_HandSolder","~"
"","","C310","1uF/10V","Device:C_Small","Capacitor_SMD:C_0402_1005Metric_Pad0.74x0.62mm_HandSolder","~"
"","","C311","10nF/50V","Device:C_Small","Capacitor_SMD:C_0402_1005Metric_Pad0.74x0.62mm_HandSolder","~"
"","","C312","10nF/50V","Device:C_Small","Capacitor_SMD:C_0402_1005Metric_Pad0.74x0.62mm_HandSolder","~"
"","","C313","10nF/50V","Device:C_Small","Capacitor_SMD:C_0402_1005Metric_Pad0.74x0.62mm_HandSolder","~"
"","","C314","10nF/50V","Device:C_Small","Capacitor_SMD:C_0402_1005Metric_Pad0.74x0.62mm_HandSolder","~"
"","","D1","D_TVS","Device:D_TVS","Diode_SMD:D_0402_1005Metric_Pad0.77x0.64mm_HandSolder","~"
"","","D2","D_TVS","Device:D_TVS","Diode_SMD:D_0402_1005Metric_Pad0.77x0.64mm_HandSolder","~"
"","","D4","D_TVS","Device:D_TVS","Diode_SMD:D_0402_1005Metric_Pad0.77x0.64mm_HandSolder","~"
"","","D5","ESDPSA0402V05","Device:D_TVS","Diode_SMD:D_0402_1005Metric_Pad0.77x0.64mm_HandSolder","~"
"","","D6","PMEG3010CEJ","pspice:DIODE","Diode_SMD:D_SOD-323F","~"
"","","D7","PMEG3010CEJ","pspice:DIODE","Diode_SMD:D_SOD-323F","~"
"","","D27","PCMF2USB3S","BeagleV:PCMF2USB3S","BeagleV:PCMF2USB3S",""
"","","D28","PCMF2USB3S","BeagleV:PCMF2USB3S","BeagleV:PCMF2USB3S",""
"","","D29","PCMF2USB3S","BeagleV:PCMF2USB3S","BeagleV:PCMF2USB3S",""
"","","D30","PCMF2USB3S","BeagleV:PCMF2USB3S","BeagleV:PCMF2USB3S",""
"","","D31","PCMF2USB3S","BeagleV:PCMF2USB3S","BeagleV:PCMF2USB3S",""
"","","D32","PCMF2USB3S","BeagleV:PCMF2USB3S","BeagleV:PCMF2USB3S",""
"","","D35","PMEG3010CEJ","pspice:DIODE","Diode_SMD:D_SOD-323F","~"
"","","D52","SMBJ5.0CA-TR","Device:D_TVS","Diode_SMD:D_SMB_Handsoldering","~"
"","","D62","Protection-Diode","BeagleV:Protection-Diode","Package_SON:USON-10_2.5x1.0mm_P0.5mm",""
"","","D63","Protection-Diode","BeagleV:Protection-Diode","Package_SON:USON-10_2.5x1.0mm_P0.5mm",""
"","","D64","Protection-Diode","BeagleV:Protection-Diode","Package_SON:USON-10_2.5x1.0mm_P0.5mm",""
"","","D65","PMEG3010CEJ","Diode:PMEG3010CEJ","Diode_SMD:D_SOD-323F","https://assets.nexperia.com/documents/data-sheet/PMEG3010CEH_PMEG3010CEJ.pdf"
"","","F2","Fuse","Device:Fuse","Fuse:Fuse_0603_1608Metric_Pad1.05x0.95mm_HandSolder","~"
"","","FB1","FerriteBead","Device:FerriteBead","Inductor_SMD:L_0402_1005Metric_Pad0.77x0.64mm_HandSolder","~"
"","","FB2","FerriteBead","Device:FerriteBead","Inductor_SMD:L_0402_1005Metric_Pad0.77x0.64mm_HandSolder","~"
"","","FB3","FerriteBead","Device:FerriteBead","Inductor_SMD:L_0402_1005Metric_Pad0.77x0.64mm_HandSolder","~"
"","","FB4","FerriteBead 120R","Device:FerriteBead","Inductor_SMD:L_0402_1005Metric_Pad0.77x0.64mm_HandSolder","~"
"","","FB6","FerriteBead","Device:FerriteBead","Inductor_SMD:L_0402_1005Metric_Pad0.77x0.64mm_HandSolder","~"
"","","FB7","FerriteBead 120R","Device:FerriteBead","Inductor_SMD:L_0402_1005Metric_Pad0.77x0.64mm_HandSolder","~"
"","","FB8","FerriteBead 120R","Device:FerriteBead","Inductor_SMD:L_0402_1005Metric_Pad0.77x0.64mm_HandSolder","~"
"","","FB9","FerriteBead 120R","Device:FerriteBead","Inductor_SMD:L_0402_1005Metric_Pad0.77x0.64mm_HandSolder","~"
"","","J1","FPC_CONN_2X15P","BeagleV:FPC_CONN_2X15P","BeagleV:FPC-1-1734248-5",""
"","","J2","FPC_CONN_2X15P","BeagleV:FPC_CONN_2X15P","BeagleV:FPC-1-1734248-5",""
"","","J3","audio_5p_mj2135_5d6_14_7x7x6mm","BeagleV:audio_5p_mj2135_5d6_14_7x7x6mm","BeagleV:PJ322",""
"","","J4","USB-TYPE-A-3.0","BeagleV:USB-TYPE-A-3.0","BeagleV:Stacked-USB-TypeA",""
"","","J5","USB-TYPE-A-3.0","BeagleV:USB-TYPE-A-3.0","BeagleV:Stacked-USB-TypeA",""
"","","J6","LPJG0801HBNL","BeagleV:LPJG0801HBNL","BeagleV:LPJG0801EBNL",""
"","","J7","PI-Connector-2x20-2.54mm","BeagleV:PI-Connector-2x20-2.54mm","Connector_PinHeader_2.54mm:PinHeader_2x20_P2.54mm_Vertical",""
"","","J8","U.FL-R-SMT-1","BeagleV:U.FL-R-SMT-1","BeagleV:U.FL-R-SMT-1",""
"","","J9","FPC_CONN_2X15P","BeagleV:FPC_CONN_2X15P","BeagleV:FPC-1-1734248-5",""
"","","J10","MICRO_SD_ST_TF_003A_16_1x14_5mm","BeagleV:MICRO_SD_ST_TF_003A_16_1x14_5mm","BeagleV:ST-TF-003A",""
"","","J11","ST-HD-010","BeagleV:ST-HD-010","BeagleV:HDMI-Type-A",""
"","","J12","JTAG-Connector","BeagleV:JTAG-Connector","Connector:Tag-Connect_TC2050-IDC-NL_2x05_P1.27mm_Vertical",""
"","","J13","USB_TYPE_C","BeagleV:USB_TYPE_C","BeagleV:USB-Type-C",""
"","","J14","DNP Conn_01x03_Male","Connector:Conn_01x03_Male","","~"
"","","L1","1uH","Device:L_Small","BeagleV:WPN201610H_2x1.6","~"
"","","L2","3.3uH","Device:L_Small","BeagleV:Sunlord_3.0x3.0","~"
"","","L3","10nH","Device:L_Small","Inductor_SMD:L_0201_0603Metric_Pad0.64x0.40mm_HandSolder","~"
"","","L4","0.47uH","Device:L_Small","BeagleV:Codaca_4.4x4.4","~"
"","","L5","0.56uH","Device:L_Small","BeagleV:Codaca_4.4x4.4","~"
"","","L6","10uH","Device:L_Small","Inductor_SMD:L_0805_2012Metric_Pad1.05x1.20mm_HandSolder","~"
"","","L7","1uH","Device:L_Small","BeagleV:WPN201610H_2x1.6","~"
"","","L8","1uH","Device:L_Small","BeagleV:WPN201610H_2x1.6","~"
"","","LED1","GREEN LED","Device:LED","LED_SMD:LED_0603_1608Metric_Pad1.05x0.95mm_HandSolder","~"
"","","LED2","RED LED","Device:LED","LED_SMD:LED_0603_1608Metric_Pad1.05x0.95mm_HandSolder","~"
"","","OSC1","32.768kHz-clock","BeagleV:32.768kHz-clock","BeagleV:7XZ-32.768KHz",""
"","","Q1","CJ1012","BeagleV:CJ1012","Package_TO_SOT_SMD:SOT-523",""
"","","Q2","CJ1012","BeagleV:CJ1012","Package_TO_SOT_SMD:SOT-523",""
"","","Q3","CJ1012","BeagleV:CJ1012","Package_TO_SOT_SMD:SOT-523",""
"","","Q6","CSD87381P","BeagleV:CSD87381P","BeagleV:CSD87381P",""
"","","Q7","CSD87381P","BeagleV:CSD87381P","BeagleV:CSD87381P",""
"","","Q8","IRLML6401","Transistor_FET:IRLML6401","Package_TO_SOT_SMD:SOT-23","https://www.infineon.com/dgdl/irlml6401pbf.pdf?fileId=5546d462533600a401535668b96d2634"
"","","Q9","BCM857BS-7F-F","BeagleV:BCM857BS-7F-F","Package_TO_SOT_SMD:SOT-363_SC-70-6_Handsoldering",""
"","","R1","10K","Device:R_Small","Resistor_SMD:R_0201_0603Metric_Pad0.64x0.40mm_HandSolder","~"
"","","R2","1K","Device:R_Small","Resistor_SMD:R_0402_1005Metric_Pad0.72x0.64mm_HandSolder","~"
"","","R3","1K","Device:R_Small","Resistor_SMD:R_0402_1005Metric_Pad0.72x0.64mm_HandSolder","~"
"","","R4","4.7K","Device:R_Small","Resistor_SMD:R_0402_1005Metric_Pad0.72x0.64mm_HandSolder","~"
"","","R5","33R","Device:R_Small","Resistor_SMD:R_0201_0603Metric_Pad0.64x0.40mm_HandSolder","~"
"","","R6","33R","Device:R_Small","Resistor_SMD:R_0201_0603Metric_Pad0.64x0.40mm_HandSolder","~"
"","","R7","33R","Device:R_Small","Resistor_SMD:R_0201_0603Metric_Pad0.64x0.40mm_HandSolder","~"
"","","R8","33R","Device:R_Small","Resistor_SMD:R_0201_0603Metric_Pad0.64x0.40mm_HandSolder","~"
"","","R9","33R","Device:R_Small","Resistor_SMD:R_0201_0603Metric_Pad0.64x0.40mm_HandSolder","~"
"","","R10","33R","Device:R_Small","Resistor_SMD:R_0201_0603Metric_Pad0.64x0.40mm_HandSolder","~"
"","","R11","33R","Device:R_Small","Resistor_SMD:R_0201_0603Metric_Pad0.64x0.40mm_HandSolder","~"
"","","R12","33R","Device:R_Small","Resistor_SMD:R_0201_0603Metric_Pad0.64x0.40mm_HandSolder","~"
"","","R13","33R","Device:R_Small","Resistor_SMD:R_0201_0603Metric_Pad0.64x0.40mm_HandSolder","~"
"","","R14","33R","Device:R_Small","Resistor_SMD:R_0201_0603Metric_Pad0.64x0.40mm_HandSolder","~"
"","","R15","33R","Device:R_Small","Resistor_SMD:R_0201_0603Metric_Pad0.64x0.40mm_HandSolder","~"
"","","R16","33R","Device:R_Small","Resistor_SMD:R_0201_0603Metric_Pad0.64x0.40mm_HandSolder","~"
"","","R17","33R","Device:R_Small","Resistor_SMD:R_0201_0603Metric_Pad0.64x0.40mm_HandSolder","~"
"","","R18","33R","Device:R_Small","Resistor_SMD:R_0201_0603Metric_Pad0.64x0.40mm_HandSolder","~"
"","","R19","33R","Device:R_Small","Resistor_SMD:R_0201_0603Metric_Pad0.64x0.40mm_HandSolder","~"
"","","R20","33R","Device:R_Small","Resistor_SMD:R_0201_0603Metric_Pad0.64x0.40mm_HandSolder","~"
"","","R21","33R","Device:R_Small","Resistor_SMD:R_0201_0603Metric_Pad0.64x0.40mm_HandSolder","~"
"","","R22","33R","Device:R_Small","Resistor_SMD:R_0201_0603Metric_Pad0.64x0.40mm_HandSolder","~"
"","","R23","680R","Device:R_Small","Resistor_SMD:R_0402_1005Metric_Pad0.72x0.64mm_HandSolder","~"
"","","R24","27K","Device:R_Small","Resistor_SMD:R_0402_1005Metric_Pad0.72x0.64mm_HandSolder","~"
"","","R25","100K","Device:R_Small","Resistor_SMD:R_0402_1005Metric_Pad0.72x0.64mm_HandSolder","~"
"","","R26","100K","Device:R_Small","Resistor_SMD:R_0402_1005Metric_Pad0.72x0.64mm_HandSolder","~"
"","","R27","0R","Device:R_Small","Resistor_SMD:R_0402_1005Metric_Pad0.72x0.64mm_HandSolder","~"
"","","R28","10K","Device:R_Small","Resistor_SMD:R_0201_0603Metric_Pad0.64x0.40mm_HandSolder","~"
"","","R29","10K","Device:R_Small","Resistor_SMD:R_0201_0603Metric_Pad0.64x0.40mm_HandSolder","~"
"","","R30","10K","Device:R_Small","Resistor_SMD:R_0201_0603Metric_Pad0.64x0.40mm_HandSolder","~"
"","","R31","10K","Device:R_Small","Resistor_SMD:R_0201_0603Metric_Pad0.64x0.40mm_HandSolder","~"
"","","R32","10K","Device:R_Small","Resistor_SMD:R_0201_0603Metric_Pad0.64x0.40mm_HandSolder","~"
"","","R33","10K","Device:R_Small","Resistor_SMD:R_0201_0603Metric_Pad0.64x0.40mm_HandSolder","~"
"","","R34","10K","Device:R_Small","Resistor_SMD:R_0201_0603Metric_Pad0.64x0.40mm_HandSolder","~"
"","","R35","1K","Device:R_Small","Resistor_SMD:R_0402_1005Metric_Pad0.72x0.64mm_HandSolder","~"
"","","R36","1K","Device:R_Small","Resistor_SMD:R_0201_0603Metric_Pad0.64x0.40mm_HandSolder","~"
"","","R37","0R","Device:R_Small","Resistor_SMD:R_0402_1005Metric_Pad0.72x0.64mm_HandSolder","~"
"","","R38","1K","Device:R_Small","Resistor_SMD:R_0402_1005Metric_Pad0.72x0.64mm_HandSolder","~"
"","","R39","1K","Device:R_Small","Resistor_SMD:R_0201_0603Metric_Pad0.64x0.40mm_HandSolder","~"
"","","R41","33R","Device:R_Small","Resistor_SMD:R_0201_0603Metric_Pad0.64x0.40mm_HandSolder","~"
"","","R42","33R","Device:R_Small","Resistor_SMD:R_0201_0603Metric_Pad0.64x0.40mm_HandSolder","~"
"","","R43","33R","Device:R_Small","Resistor_SMD:R_0201_0603Metric_Pad0.64x0.40mm_HandSolder","~"
"","","R44","33R","Device:R_Small","Resistor_SMD:R_0201_0603Metric_Pad0.64x0.40mm_HandSolder","~"
"","","R45","33R","Device:R_Small","Resistor_SMD:R_0201_0603Metric_Pad0.64x0.40mm_HandSolder","~"
"","","R46","33R","Device:R_Small","Resistor_SMD:R_0201_0603Metric_Pad0.64x0.40mm_HandSolder","~"
"","","R47","33R","Device:R_Small","Resistor_SMD:R_0201_0603Metric_Pad0.64x0.40mm_HandSolder","~"
"","","R48","33R","Device:R_Small","Resistor_SMD:R_0201_0603Metric_Pad0.64x0.40mm_HandSolder","~"
"","","R49","33R","Device:R_Small","Resistor_SMD:R_0201_0603Metric_Pad0.64x0.40mm_HandSolder","~"
"","","R50","33R","Device:R_Small","Resistor_SMD:R_0201_0603Metric_Pad0.64x0.40mm_HandSolder","~"
"","","R51","33R","Device:R_Small","Resistor_SMD:R_0201_0603Metric_Pad0.64x0.40mm_HandSolder","~"
"","","R52","33R","Device:R_Small","Resistor_SMD:R_0201_0603Metric_Pad0.64x0.40mm_HandSolder","~"
"","","R53","33R","Device:R_Small","Resistor_SMD:R_0201_0603Metric_Pad0.64x0.40mm_HandSolder","~"
"","","R54","33R","Device:R_Small","Resistor_SMD:R_0201_0603Metric_Pad0.64x0.40mm_HandSolder","~"
"","","R55","1K","Device:R_Small","Resistor_SMD:R_0402_1005Metric_Pad0.72x0.64mm_HandSolder","~"
"","","R56","1K","Device:R_Small","Resistor_SMD:R_0402_1005Metric_Pad0.72x0.64mm_HandSolder","~"
"","","R57","1M","Device:R_Small","Resistor_SMD:R_0402_1005Metric_Pad0.72x0.64mm_HandSolder","~"
"","","R58","0R","Device:R_Small","Resistor_SMD:R_0402_1005Metric_Pad0.72x0.64mm_HandSolder","~"
"","","R59","0R","Device:R_Small","Resistor_SMD:R_0402_1005Metric_Pad0.72x0.64mm_HandSolder","~"
"","","R60","12K","Device:R_Small","Resistor_SMD:R_0402_1005Metric_Pad0.72x0.64mm_HandSolder","~"
"","","R61","DNP","Device:R_Small","","~"
"","","R62","240R","Device:R_Small","Resistor_SMD:R_0402_1005Metric_Pad0.72x0.64mm_HandSolder","~"
"","","R63","0R","Device:R_Small","Resistor_SMD:R_0402_1005Metric_Pad0.72x0.64mm_HandSolder","~"
"","","R64","10K","Device:R_Small","Resistor_SMD:R_0402_1005Metric_Pad0.72x0.64mm_HandSolder","~"
"","","R65","DNP","Device:R_Small","","~"
"","","R66","DNP","Device:R_Small","","~"
"","","R67","0R","Device:R_Small","Resistor_SMD:R_0402_1005Metric_Pad0.72x0.64mm_HandSolder","~"
"","","R68","10K","Device:R_Small","Resistor_SMD:R_0402_1005Metric_Pad0.72x0.64mm_HandSolder","~"
"","","R69","DNP","Device:R_Small","","~"
"","","R70","DNP","Device:R_Small","","~"
"","","R71","240R","Device:R_Small","Resistor_SMD:R_0402_1005Metric_Pad0.72x0.64mm_HandSolder","~"
"","","R72","240R","Device:R_Small","Resistor_SMD:R_0402_1005Metric_Pad0.72x0.64mm_HandSolder","~"
"","","R73","10K","Device:R_Small","Resistor_SMD:R_0402_1005Metric_Pad0.72x0.64mm_HandSolder","~"
"","","R74","DNP","Device:R_Small","","~"
"","","R75","DNP","Device:R_Small","","~"
"","","R76","0R","Device:R_Small","Resistor_SMD:R_0402_1005Metric_Pad0.72x0.64mm_HandSolder","~"
"","","R77","10K","Device:R_Small","Resistor_SMD:R_0402_1005Metric_Pad0.72x0.64mm_HandSolder","~"
"","","R78","DNP","Device:R_Small","","~"
"","","R79","DNP","Device:R_Small","","~"
"","","R80","240R","Device:R_Small","Resistor_SMD:R_0402_1005Metric_Pad0.72x0.64mm_HandSolder","~"
"","","R81","240R","Device:R_Small","Resistor_SMD:R_0402_1005Metric_Pad0.72x0.64mm_HandSolder","~"
"","","R82","10K","Device:R_Small","Resistor_SMD:R_0402_1005Metric_Pad0.72x0.64mm_HandSolder","~"
"","","R83","10K","Device:R_Small","Resistor_SMD:R_0402_1005Metric_Pad0.72x0.64mm_HandSolder","~"
"","","R84","1K","Device:R_Small","Resistor_SMD:R_0402_1005Metric_Pad0.72x0.64mm_HandSolder","~"
"","","R85","1K","Device:R_Small","Resistor_SMD:R_0402_1005Metric_Pad0.72x0.64mm_HandSolder","~"
"","","R86","27K","Device:R_Small","Resistor_SMD:R_0402_1005Metric_Pad0.72x0.64mm_HandSolder","~"
"","","R87","33R","Device:R_Small","Resistor_SMD:R_0201_0603Metric_Pad0.64x0.40mm_HandSolder","~"
"","","R88","33R","Device:R_Small","Resistor_SMD:R_0201_0603Metric_Pad0.64x0.40mm_HandSolder","~"
"","","R89","33R","Device:R_Small","Resistor_SMD:R_0201_0603Metric_Pad0.64x0.40mm_HandSolder","~"
"","","R90","33R","Device:R_Small","Resistor_SMD:R_0201_0603Metric_Pad0.64x0.40mm_HandSolder","~"
"","","R91","33R","Device:R_Small","Resistor_SMD:R_0201_0603Metric_Pad0.64x0.40mm_HandSolder","~"
"","","R92","33R","Device:R_Small","Resistor_SMD:R_0201_0603Metric_Pad0.64x0.40mm_HandSolder","~"
"","","R93","33R","Device:R_Small","Resistor_SMD:R_0201_0603Metric_Pad0.64x0.40mm_HandSolder","~"
"","","R94","33R","Device:R_Small","Resistor_SMD:R_0201_0603Metric_Pad0.64x0.40mm_HandSolder","~"
"","","R95","DNP","Device:R_Small","","~"
"","","R96","DNP","Device:R_Small","","~"
"","","R97","DNP","Device:R_Small","","~"
"","","R98","DNP","Device:R_Small","","~"
"","","R99","10K","Device:R_Small","Resistor_SMD:R_0402_1005Metric_Pad0.72x0.64mm_HandSolder","~"
"","","R100","10K","Device:R_Small","Resistor_SMD:R_0402_1005Metric_Pad0.72x0.64mm_HandSolder","~"
"","","R101","4.7K","Device:R_Small","Resistor_SMD:R_0402_1005Metric_Pad0.72x0.64mm_HandSolder","~"
"","","R102","33R","Device:R_Small","Resistor_SMD:R_0201_0603Metric_Pad0.64x0.40mm_HandSolder","~"
"","","R103","33R","Device:R_Small","Resistor_SMD:R_0201_0603Metric_Pad0.64x0.40mm_HandSolder","~"
"","","R104","33R","Device:R_Small","Resistor_SMD:R_0201_0603Metric_Pad0.64x0.40mm_HandSolder","~"
"","","R105","33R","Device:R_Small","Resistor_SMD:R_0201_0603Metric_Pad0.64x0.40mm_HandSolder","~"
"","","R106","33R","Device:R_Small","Resistor_SMD:R_0201_0603Metric_Pad0.64x0.40mm_HandSolder","~"
"","","R107","33R","Device:R_Small","Resistor_SMD:R_0201_0603Metric_Pad0.64x0.40mm_HandSolder","~"
"","","R108","33R","Device:R_Small","Resistor_SMD:R_0201_0603Metric_Pad0.64x0.40mm_HandSolder","~"
"","","R109","33R","Device:R_Small","Resistor_SMD:R_0201_0603Metric_Pad0.64x0.40mm_HandSolder","~"
"","","R110","33R","Device:R_Small","Resistor_SMD:R_0201_0603Metric_Pad0.64x0.40mm_HandSolder","~"
"","","R111","10K","Device:R_Small","Resistor_SMD:R_0402_1005Metric_Pad0.72x0.64mm_HandSolder","~"
"","","R112","10K","Device:R_Small","Resistor_SMD:R_0402_1005Metric_Pad0.72x0.64mm_HandSolder","~"
"","","R113","33R","Device:R_Small","Resistor_SMD:R_0201_0603Metric_Pad0.64x0.40mm_HandSolder","~"
"","","R114","33R","Device:R_Small","Resistor_SMD:R_0201_0603Metric_Pad0.64x0.40mm_HandSolder","~"
"","","R115","1M","Device:R_Small","Resistor_SMD:R_0402_1005Metric_Pad0.72x0.64mm_HandSolder","~"
"","","R116","0R","Device:R_Small","Resistor_SMD:R_0402_1005Metric_Pad0.72x0.64mm_HandSolder","~"
"","","R117","1K","Device:R_Small","Resistor_SMD:R_0402_1005Metric_Pad0.72x0.64mm_HandSolder","~"
"","","R118","10K","Device:R_Small","Resistor_SMD:R_0402_1005Metric_Pad0.72x0.64mm_HandSolder","~"
"","","R119","0R","Device:R_Small","Resistor_SMD:R_0402_1005Metric_Pad0.72x0.64mm_HandSolder","~"
"","","R120","1M","Device:R_Small","Resistor_SMD:R_0402_1005Metric_Pad0.72x0.64mm_HandSolder","~"
"","","R121","0R","Device:R_Small","Resistor_SMD:R_0402_1005Metric_Pad0.72x0.64mm_HandSolder","~"
"","","R122","0R","Device:R_Small","Resistor_SMD:R_0402_1005Metric_Pad0.72x0.64mm_HandSolder","~"
"","","R123","10K","Device:R_Small","Resistor_SMD:R_0201_0603Metric_Pad0.64x0.40mm_HandSolder","~"
"","","R124","10K","Device:R_Small","Resistor_SMD:R_0201_0603Metric_Pad0.64x0.40mm_HandSolder","~"
"","","R125","10K","Device:R_Small","Resistor_SMD:R_0201_0603Metric_Pad0.64x0.40mm_HandSolder","~"
"","","R126","10K","Device:R_Small","Resistor_SMD:R_0201_0603Metric_Pad0.64x0.40mm_HandSolder","~"
"","","R127","4.7K","Device:R_Small","Resistor_SMD:R_0402_1005Metric_Pad0.72x0.64mm_HandSolder","~"
"","","R128","4.7K","Device:R_Small","Resistor_SMD:R_0402_1005Metric_Pad0.72x0.64mm_HandSolder","~"
"","","R129","4.7K","Device:R_Small","Resistor_SMD:R_0402_1005Metric_Pad0.72x0.64mm_HandSolder","~"
"","","R130","DNP","Device:R_Small","","~"
"","","R131","4.7K","Device:R_Small","Resistor_SMD:R_0402_1005Metric_Pad0.72x0.64mm_HandSolder","~"
"","","R133","0R","Device:R_Small","Resistor_SMD:R_0201_0603Metric_Pad0.64x0.40mm_HandSolder","~"
"","","R134","10K","Device:R_Small","Resistor_SMD:R_0201_0603Metric_Pad0.64x0.40mm_HandSolder","~"
"","","R135","DNP","Device:R_Small","","~"
"","","R136","DNP","Device:R_Small","","~"
"","","R137","10K","Device:R_Small","Resistor_SMD:R_0201_0603Metric_Pad0.64x0.40mm_HandSolder","~"
"","","R138","10K","Device:R_Small","Resistor_SMD:R_0402_1005Metric_Pad0.72x0.64mm_HandSolder","~"
"","","R139","DNP","Device:R_Small","","~"
"","","R140","0R","Device:R_Small","Resistor_SMD:R_0402_1005Metric_Pad0.72x0.64mm_HandSolder","~"
"","","R141","DNP","Device:R_Small","","~"
"","","R142","10K","Device:R_Small","Resistor_SMD:R_0402_1005Metric_Pad0.72x0.64mm_HandSolder","~"
"","","R143","1M","Device:R_Small","Resistor_SMD:R_0402_1005Metric_Pad0.72x0.64mm_HandSolder","~"
"","","R144","100K","Device:R_Small","Resistor_SMD:R_0402_1005Metric_Pad0.72x0.64mm_HandSolder","~"
"","","R145","33R","Device:R_Small","Resistor_SMD:R_0201_0603Metric_Pad0.64x0.40mm_HandSolder","~"
"","","R146","100K","Device:R_Small","Resistor_SMD:R_0402_1005Metric_Pad0.72x0.64mm_HandSolder","~"
"","","R147","10K","Device:R_Small","Resistor_SMD:R_0201_0603Metric_Pad0.64x0.40mm_HandSolder","~"
"","","R148","10K","Device:R_Small","Resistor_SMD:R_0201_0603Metric_Pad0.64x0.40mm_HandSolder","~"
"","","R149","10K","Device:R_Small","Resistor_SMD:R_0201_0603Metric_Pad0.64x0.40mm_HandSolder","~"
"","","R150","10K","Device:R_Small","Resistor_SMD:R_0201_0603Metric_Pad0.64x0.40mm_HandSolder","~"
"","","R151","1M","Device:R_Small","Resistor_SMD:R_1206_3216Metric_Pad1.30x1.75mm_HandSolder","~"
"","","R152","10K","Device:R_Small","Resistor_SMD:R_0201_0603Metric_Pad0.64x0.40mm_HandSolder","~"
"","","R153","10K","Device:R_Small","Resistor_SMD:R_0201_0603Metric_Pad0.64x0.40mm_HandSolder","~"
"","","R154","DNP","Device:R_Small","","~"
"","","R155","0R","Device:R_Small","Resistor_SMD:R_0402_1005Metric_Pad0.72x0.64mm_HandSolder","~"
"","","R156","33R","Device:R_Small","Resistor_SMD:R_0201_0603Metric_Pad0.64x0.40mm_HandSolder","~"
"","","R157","33R","Device:R_Small","Resistor_SMD:R_0201_0603Metric_Pad0.64x0.40mm_HandSolder","~"
"","","R158","33R","Device:R_Small","Resistor_SMD:R_0201_0603Metric_Pad0.64x0.40mm_HandSolder","~"
"","","R159","10k","Device:R_Small","Resistor_SMD:R_0402_1005Metric_Pad0.72x0.64mm_HandSolder","~"
"","","R160","100K","Device:R_Small","Resistor_SMD:R_0402_1005Metric_Pad0.72x0.64mm_HandSolder","~"
"","","R161","1K","Device:R_Small","Resistor_SMD:R_0402_1005Metric_Pad0.72x0.64mm_HandSolder","~"
"","","R162","49.9K","Device:R_Small","Resistor_SMD:R_0402_1005Metric_Pad0.72x0.64mm_HandSolder","~"
"","","R163","49.9K","Device:R_Small","Resistor_SMD:R_0402_1005Metric_Pad0.72x0.64mm_HandSolder","~"
"","","R164","DNP","Device:R_Small","","~"
"","","R165","0R","Device:R_Small","Resistor_SMD:R_0402_1005Metric_Pad0.72x0.64mm_HandSolder","~"
"","","R166","0R","Device:R_Small","Resistor_SMD:R_0402_1005Metric_Pad0.72x0.64mm_HandSolder","~"
"","","R167","4.7K","Device:R_Small","Resistor_SMD:R_0402_1005Metric_Pad0.72x0.64mm_HandSolder","~"
"","","R184","240R","Device:R_Small","Resistor_SMD:R_0402_1005Metric_Pad0.72x0.64mm_HandSolder","~"
"","","R232","33R","Device:R_Small","Resistor_SMD:R_0201_0603Metric_Pad0.64x0.40mm_HandSolder","~"
"","","R233","33R","Device:R_Small","Resistor_SMD:R_0201_0603Metric_Pad0.64x0.40mm_HandSolder","~"
"","","R234","33R","Device:R_Small","Resistor_SMD:R_0201_0603Metric_Pad0.64x0.40mm_HandSolder","~"
"","","R235","33R","Device:R_Small","Resistor_SMD:R_0201_0603Metric_Pad0.64x0.40mm_HandSolder","~"
"","","R236","33R","Device:R_Small","Resistor_SMD:R_0201_0603Metric_Pad0.64x0.40mm_HandSolder","~"
"","","R237","33R","Device:R_Small","Resistor_SMD:R_0201_0603Metric_Pad0.64x0.40mm_HandSolder","~"
"","","R238","33R","Device:R_Small","Resistor_SMD:R_0201_0603Metric_Pad0.64x0.40mm_HandSolder","~"
"","","R240","DNP","Device:R_Small","","~"
"","","R241","10K","Device:R_Small","Resistor_SMD:R_0402_1005Metric_Pad0.72x0.64mm_HandSolder","~"
"","","R242","DNP","Device:R_Small","","~"
"","","R243","10K","Device:R_Small","Resistor_SMD:R_0402_1005Metric_Pad0.72x0.64mm_HandSolder","~"
"","","R244","DNP","Device:R_Small","","~"
"","","R245","10K","Device:R_Small","Resistor_SMD:R_0402_1005Metric_Pad0.72x0.64mm_HandSolder","~"
"","","R246","10K","Device:R_Small","Resistor_SMD:R_0402_1005Metric_Pad0.72x0.64mm_HandSolder","~"
"","","R247","DNP","Device:R_Small","","~"
"","","R248","5.1K","Device:R_Small","Resistor_SMD:R_0402_1005Metric_Pad0.72x0.64mm_HandSolder","~"
"","","R249","5.1K","Device:R_Small","Resistor_SMD:R_0402_1005Metric_Pad0.72x0.64mm_HandSolder","~"
"","","R252","10K","Device:R_Small","Resistor_SMD:R_0402_1005Metric_Pad0.72x0.64mm_HandSolder","~"
"","","R254","0R","Device:R_Small","Resistor_SMD:R_0402_1005Metric_Pad0.72x0.64mm_HandSolder","~"
"","","R255","0R","Device:R_Small","Resistor_SMD:R_0402_1005Metric_Pad0.72x0.64mm_HandSolder","~"
"","","R256","12.1K","Device:R_Small","Resistor_SMD:R_0402_1005Metric_Pad0.72x0.64mm_HandSolder","~"
"","","R257","0R","Device:R_Small","Resistor_SMD:R_0402_1005Metric_Pad0.72x0.64mm_HandSolder","~"
"","","R258","2.2K","Device:R_Small","Resistor_SMD:R_0402_1005Metric_Pad0.72x0.64mm_HandSolder","~"
"","","R259","0R","Device:R_Small","Resistor_SMD:R_0402_1005Metric_Pad0.72x0.64mm_HandSolder","~"
"","","R260","0R","Device:R_Small","Resistor_SMD:R_0402_1005Metric_Pad0.72x0.64mm_HandSolder","~"
"","","R261","49.9K","Device:R_Small","Resistor_SMD:R_0402_1005Metric_Pad0.72x0.64mm_HandSolder","~"
"","","R262","12.1K","Device:R_Small","Resistor_SMD:R_0402_1005Metric_Pad0.72x0.64mm_HandSolder","~"
"","","R263","1M","Device:R_Small","Resistor_SMD:R_0402_1005Metric_Pad0.72x0.64mm_HandSolder","~"
"","","R264","13.3K","Device:R_Small","Resistor_SMD:R_0402_1005Metric_Pad0.72x0.64mm_HandSolder","~"
"","","R265","33R","Device:R_Small","Resistor_SMD:R_0201_0603Metric_Pad0.64x0.40mm_HandSolder","~"
"","","R266","33R","Device:R_Small","Resistor_SMD:R_0201_0603Metric_Pad0.64x0.40mm_HandSolder","~"
"","","R267","33R","Device:R_Small","Resistor_SMD:R_0201_0603Metric_Pad0.64x0.40mm_HandSolder","~"
"","","R268","33R","Device:R_Small","Resistor_SMD:R_0201_0603Metric_Pad0.64x0.40mm_HandSolder","~"
"","","R269","120R","Device:R_Small","Resistor_SMD:R_0402_1005Metric_Pad0.72x0.64mm_HandSolder","~"
"","","R270","120R","Device:R_Small","Resistor_SMD:R_0402_1005Metric_Pad0.72x0.64mm_HandSolder","~"
"","","R271","120R","Device:R_Small","Resistor_SMD:R_0402_1005Metric_Pad0.72x0.64mm_HandSolder","~"
"","","R272","120R","Device:R_Small","Resistor_SMD:R_0402_1005Metric_Pad0.72x0.64mm_HandSolder","~"
"","","SW2","Tactile-Switch","BeagleV:Tactile-Switch","BeagleV:switch",""
"","","SW3","Tactile-Switch","BeagleV:Tactile-Switch","BeagleV:switch",""
"","","U1","GL3520-OS322","BeagleV:GL3520-OS322","BeagleV:GL3520-22-QFN-64_EP_8x8_Pitch0.4mm",""
"","","U2","ETA6020D2G","BeagleV:ETA6020D2G","BeagleV:ETA6020-DFN2x2-6L",""
"","","U3","DNP","BeagleV:VTH_RST","",""
"","","U5","KSZ9031RNXCA","BeagleV:KSZ9031RNXCA","BeagleV:KSZ9031RNX-QFN-48_EP_7.3x7.3_Pitch0.5mm",""
"","","U7","32Gbit_RAM","BeagleV:32Gbit_RAM","BeagleV:LPDDR4-200-WFBGA-10x14.5",""
"","","U8","32Gbit_RAM","BeagleV:32Gbit_RAM","BeagleV:LPDDR4-200-WFBGA-10x14.5",""
"","","U9","VIC-V10","BeagleV:VIC-V10","BeagleV:JH7100 - BGA-961_31x31_20.5x20.5mm",""
"","","U11","TDA19988","BeagleV:TDA19988","BeagleV:TDA19988-QFN-64_EP_9x9_Pitch0.5mm",""
"","","U12","AP6236","BeagleV:AP6236","BeagleV:AP6356",""
"","","U13","LMR62014","BeagleV:LMR62014","BeagleV:DBV0005A-SOT-23",""
"","","U14","TPS65086100","BeagleV:TPS65086100","BeagleV:TPS650861-QFN-64_EP_8.15x8.15_Pitch0.4mm",""
"","","U16","GD25LQ256DWIGR","BeagleV:256MBit_NOR_FLASH","BeagleV:GD25LQ256D",""
"","","X1","25MHz","BeagleV:Crystal","BeagleV:SMCE-2520",""
"","","X2","25MHz","BeagleV:Crystal","BeagleV:SMCE-3225",""
"","","X3","27MHz","BeagleV:Crystal","BeagleV:SMCE-3225",""
"","","X4","Crystal","BeagleV:Crystal","BeagleV:SMCE-3225",""
"","","X6","25MHz - Crystal","BeagleV:Crystal","BeagleV:SMCE-2520",""



"Collated Components:"

"Item","Qty","Reference(s)","Value","LibPart","Footprint","Datasheet"
"1","1","ANT1","RFECA3216060A1T","BeagleV:RFECA3216060A1T","BeagleV:RFECA3216060A1T",""
"2","160","C1, C5, C6, C7, C8, C9, C11, C12, C13, C14, C15, C16, C17, C18, C19, C20, C24, C25, C29, C33, C35, C37, C39, C50, C51, C52, C53, C54, C55, C56, C57, C58, C61, C62, C63, C64, C65, C66, C70, C71, C72, C73, C74, C75, C76, C77, C78, C82, C83, C84, C85, C86, C87, C88, C89, C90, C93, C94, C95, C96, C97, C98, C102, C103, C104, C105, C106, C107, C108, C109, C110, C112, C113, C114, C115, C117, C118, C119, C124, C125, C126, C127, C128, C129, C130, C131, C132, C137, C138, C139, C140, C146, C147, C148, C149, C150, C151, C152, C153, C154, C161, C162, C163, C164, C165, C166, C167, C168, C169, C170, C171, C172, C173, C174, C175, C179, C180, C181, C183, C184, C185, C186, C189, C190, C191, C193, C194, C195, C199, C201, C203, C205, C207, C209, C210, C211, C212, C217, C219, C221, C229, C237, C238, C239, C240, C241, C242, C243, C244, C245, C269, C270, C272, C277, C281, C282, C286, C287, C297, C300","100nF/10V","Device:C_Small","Capacitor_SMD:C_0201_0603Metric_Pad0.64x0.40mm_HandSolder","~"
"3","1","C2","100nF/10V1","Device:C_Small","Capacitor_SMD:C_0201_0603Metric_Pad0.64x0.40mm_HandSolder","~"
"4","1","C3","100n/10V","Device:C_Small","Capacitor_SMD:C_0201_0603Metric_Pad0.64x0.40mm_HandSolder","~"
"5","19","C4, C10, C22, C23, C28, C32, C34, C36, C38, C91, C92, C99, C111, C177, C230, C231, C232, C278, C280","10uF/6.3V","Device:C_Small","Capacitor_SMD:C_0402_1005Metric_Pad0.74x0.62mm_HandSolder","~"
"6","1","C21","100uF/6.3V","Device:C_Small","Capacitor_SMD:C_1206_3216Metric_Pad1.33x1.80mm_HandSolder","~"
"7","1","C26","100uF/10V","Device:C_Small","Capacitor_SMD:C_1206_3216Metric_Pad1.33x1.80mm_HandSolder","~"
"8","18","C27, C68, C80, C100, C120, C134, C142, C156, C157, C248, C273, C274, C275, C276, C283, C284, C294, C295","22uF/10V","Device:C_Small","Capacitor_SMD:C_0603_1608Metric_Pad1.08x0.95mm_HandSolder","~"
"9","2","C30, C31","100uF/4V","Device:C_Small","Capacitor_SMD:C_0402_1005Metric_Pad0.74x0.62mm_HandSolder","~"
"10","6","C40, C227, C311, C312, C313, C314","10nF/50V","Device:C_Small","Capacitor_SMD:C_0402_1005Metric_Pad0.74x0.62mm_HandSolder","~"
"11","4","C41, C42, C196, C226","DNP","Device:C_Small","","~"
"12","4","C43, C45, C235, C236","22pF/50V","Device:C_Small","Capacitor_SMD:C_0402_1005Metric_Pad0.74x0.62mm_HandSolder","~"
"13","1","C44","DNP","Device:C_Small","Capacitor_SMD:C_0402_1005Metric_Pad0.74x0.62mm_HandSolder","~"
"14","4","C46, C215, C223, C224","10pF","Device:C_Small","Capacitor_SMD:C_0402_1005Metric_Pad0.74x0.62mm_HandSolder","~"
"15","5","C47, C233, C250, C267, C279","100nF/10V","Device:C_Small","Capacitor_SMD:C_0402_1005Metric_Pad0.74x0.62mm_HandSolder","~"
"16","1","C48","22uF","Device:C_Small","Capacitor_SMD:C_0603_1608Metric_Pad1.08x0.95mm_HandSolder","~"
"17","24","C49, C69, C81, C101, C116, C123, C136, C145, C160, C178, C182, C188, C192, C198, C202, C204, C206, C208, C216, C218, C220, C234, C309, C310","1uF/10V","Device:C_Small","Capacitor_SMD:C_0402_1005Metric_Pad0.74x0.62mm_HandSolder","~"
"18","4","C59, C60, C67, C187","10uF/6.4V","Device:C_Small","Capacitor_SMD:C_0402_1005Metric_Pad0.74x0.62mm_HandSolder","~"
"19","1","C79","10uf/6.4V","Device:C_Small","Capacitor_SMD:C_0402_1005Metric_Pad0.74x0.62mm_HandSolder","~"
"20","8","C121, C122, C135, C143, C158, C159, C288, C298","10uF/10V","Device:C_Small","Capacitor_SMD:C_0402_1005Metric_Pad0.74x0.62mm_HandSolder","~"
"21","4","C133, C141, C155, C176","1nF/10V","Device:C_Small","Capacitor_SMD:C_0402_1005Metric_Pad0.74x0.62mm_HandSolder","~"
"22","1","C144","0uF/10V","Device:C_Small","Capacitor_SMD:C_0402_1005Metric_Pad0.74x0.62mm_HandSolder","~"
"23","1","C197","100nF","Device:C_Small","Capacitor_SMD:C_0402_1005Metric_Pad0.74x0.62mm_HandSolder","~"
"24","3","C200, C266, C271","2.2uF/6.3V","Device:C_Small","Capacitor_SMD:C_0402_1005Metric_Pad0.74x0.62mm_HandSolder","~"
"25","1","C213","1pF/50V","Device:C_Small","Capacitor_SMD:C_0201_0603Metric_Pad0.64x0.40mm_HandSolder","~"
"26","3","C222, C306, C307","4.7uF/10V","Device:C_Small","Capacitor_SMD:C_0402_1005Metric_Pad0.74x0.62mm_HandSolder","~"
"27","1","C228","1nF/2kV","Device:C_Small","Capacitor_SMD:C_1206_3216Metric_Pad1.33x1.80mm_HandSolder","~"
"28","2","C246, C247","22pF","Device:C_Small","Capacitor_SMD:C_0402_1005Metric_Pad0.74x0.62mm_HandSolder","~"
"29","4","C249, C291, C293, C304","10uF/10V","Device:C_Small","Capacitor_SMD:C_0603_1608Metric_Pad1.08x0.95mm_HandSolder","~"
"30","2","C268, C296","2.2uF/10V","Device:C_Small","Capacitor_SMD:C_0402_1005Metric_Pad0.74x0.62mm_HandSolder","~"
"31","3","C289, C290, C308","2.2uF/10V","Device:C_Small","Capacitor_SMD:C_0603_1608Metric_Pad1.08x0.95mm_HandSolder","~"
"32","1","C301","2.2uF","Device:C_Small","Capacitor_SMD:C_0603_1608Metric_Pad1.08x0.95mm_HandSolder","~"
"33","1","C302","1nF/50V","Device:C_Small","Capacitor_SMD:C_0402_1005Metric_Pad0.74x0.62mm_HandSolder","~"
"34","1","C303","10uF","Device:C_Small","Capacitor_SMD:C_0603_1608Metric_Pad1.08x0.95mm_HandSolder","~"
"35","1","C305","100nF","Device:C_Small","Capacitor_SMD:C_0201_0603Metric_Pad0.64x0.40mm_HandSolder","~"
"36","3","D1, D2, D4","D_TVS","Device:D_TVS","Diode_SMD:D_0402_1005Metric_Pad0.77x0.64mm_HandSolder","~"
"37","1","D5","ESDPSA0402V05","Device:D_TVS","Diode_SMD:D_0402_1005Metric_Pad0.77x0.64mm_HandSolder","~"
"38","3","D6, D7, D35","PMEG3010CEJ","pspice:DIODE","Diode_SMD:D_SOD-323F","~"
"39","6","D27, D28, D29, D30, D31, D32","PCMF2USB3S","BeagleV:PCMF2USB3S","BeagleV:PCMF2USB3S",""
"40","1","D52","SMBJ5.0CA-TR","Device:D_TVS","Diode_SMD:D_SMB_Handsoldering","~"
"41","3","D62, D63, D64","Protection-Diode","BeagleV:Protection-Diode","Package_SON:USON-10_2.5x1.0mm_P0.5mm",""
"42","1","D65","PMEG3010CEJ","Diode:PMEG3010CEJ","Diode_SMD:D_SOD-323F","https://assets.nexperia.com/documents/data-sheet/PMEG3010CEH_PMEG3010CEJ.pdf"
"43","1","F2","Fuse","Device:Fuse","Fuse:Fuse_0603_1608Metric_Pad1.05x0.95mm_HandSolder","~"
"44","4","FB1, FB2, FB3, FB6","FerriteBead","Device:FerriteBead","Inductor_SMD:L_0402_1005Metric_Pad0.77x0.64mm_HandSolder","~"
"45","4","FB4, FB7, FB8, FB9","FerriteBead 120R","Device:FerriteBead","Inductor_SMD:L_0402_1005Metric_Pad0.77x0.64mm_HandSolder","~"
"46","3","J1, J2, J9","FPC_CONN_2X15P","BeagleV:FPC_CONN_2X15P","BeagleV:FPC-1-1734248-5",""
"47","1","J3","audio_5p_mj2135_5d6_14_7x7x6mm","BeagleV:audio_5p_mj2135_5d6_14_7x7x6mm","BeagleV:PJ322",""
"48","2","J4, J5","USB-TYPE-A-3.0","BeagleV:USB-TYPE-A-3.0","BeagleV:Stacked-USB-TypeA",""
"49","1","J6","LPJG0801HBNL","BeagleV:LPJG0801HBNL","BeagleV:LPJG0801EBNL",""
"50","1","J7","PI-Connector-2x20-2.54mm","BeagleV:PI-Connector-2x20-2.54mm","Connector_PinHeader_2.54mm:PinHeader_2x20_P2.54mm_Vertical",""
"51","1","J8","U.FL-R-SMT-1","BeagleV:U.FL-R-SMT-1","BeagleV:U.FL-R-SMT-1",""
"52","1","J10","MICRO_SD_ST_TF_003A_16_1x14_5mm","BeagleV:MICRO_SD_ST_TF_003A_16_1x14_5mm","BeagleV:ST-TF-003A",""
"53","1","J11","ST-HD-010","BeagleV:ST-HD-010","BeagleV:HDMI-Type-A",""
"54","1","J12","JTAG-Connector","BeagleV:JTAG-Connector","Connector:Tag-Connect_TC2050-IDC-NL_2x05_P1.27mm_Vertical",""
"55","1","J13","USB_TYPE_C","BeagleV:USB_TYPE_C","BeagleV:USB-Type-C",""
"56","1","J14","DNP Conn_01x03_Male","Connector:Conn_01x03_Male","","~"
"57","3","L1, L7, L8","1uH","Device:L_Small","BeagleV:WPN201610H_2x1.6","~"
"58","1","L2","3.3uH","Device:L_Small","BeagleV:Sunlord_3.0x3.0","~"
"59","1","L3","10nH","Device:L_Small","Inductor_SMD:L_0201_0603Metric_Pad0.64x0.40mm_HandSolder","~"
"60","1","L4","0.47uH","Device:L_Small","BeagleV:Codaca_4.4x4.4","~"
"61","1","L5","0.56uH","Device:L_Small","BeagleV:Codaca_4.4x4.4","~"
"62","1","L6","10uH","Device:L_Small","Inductor_SMD:L_0805_2012Metric_Pad1.05x1.20mm_HandSolder","~"
"63","1","LED1","GREEN LED","Device:LED","LED_SMD:LED_0603_1608Metric_Pad1.05x0.95mm_HandSolder","~"
"64","1","LED2","RED LED","Device:LED","LED_SMD:LED_0603_1608Metric_Pad1.05x0.95mm_HandSolder","~"
"65","1","OSC1","32.768kHz-clock","BeagleV:32.768kHz-clock","BeagleV:7XZ-32.768KHz",""
"66","3","Q1, Q2, Q3","CJ1012","BeagleV:CJ1012","Package_TO_SOT_SMD:SOT-523",""
"67","2","Q6, Q7","CSD87381P","BeagleV:CSD87381P","BeagleV:CSD87381P",""
"68","1","Q8","IRLML6401","Transistor_FET:IRLML6401","Package_TO_SOT_SMD:SOT-23","https://www.infineon.com/dgdl/irlml6401pbf.pdf?fileId=5546d462533600a401535668b96d2634"
"69","1","Q9","BCM857BS-7F-F","BeagleV:BCM857BS-7F-F","Package_TO_SOT_SMD:SOT-363_SC-70-6_Handsoldering",""
"70","20","R1, R28, R29, R30, R31, R32, R33, R34, R123, R124, R125, R126, R134, R137, R147, R148, R149, R150, R152, R153","10K","Device:R_Small","Resistor_SMD:R_0201_0603Metric_Pad0.64x0.40mm_HandSolder","~"
"71","10","R2, R3, R35, R38, R55, R56, R84, R85, R117, R161","1K","Device:R_Small","Resistor_SMD:R_0402_1005Metric_Pad0.72x0.64mm_HandSolder","~"
"72","7","R4, R101, R127, R128, R129, R131, R167","4.7K","Device:R_Small","Resistor_SMD:R_0402_1005Metric_Pad0.72x0.64mm_HandSolder","~"
"73","66","R5, R6, R7, R8, R9, R10, R11, R12, R13, R14, R15, R16, R17, R18, R19, R20, R21, R22, R41, R42, R43, R44, R45, R46, R47, R48, R49, R50, R51, R52, R53, R54, R87, R88, R89, R90, R91, R92, R93, R94, R102, R103, R104, R105, R106, R107, R108, R109, R110, R113, R114, R145, R156, R157, R158, R232, R233, R234, R235, R236, R237, R238, R265, R266, R267, R268","33R","Device:R_Small","Resistor_SMD:R_0201_0603Metric_Pad0.64x0.40mm_HandSolder","~"
"74","1","R23","680R","Device:R_Small","Resistor_SMD:R_0402_1005Metric_Pad0.72x0.64mm_HandSolder","~"
"75","2","R24, R86","27K","Device:R_Small","Resistor_SMD:R_0402_1005Metric_Pad0.72x0.64mm_HandSolder","~"
"76","5","R25, R26, R144, R146, R160","100K","Device:R_Small","Resistor_SMD:R_0402_1005Metric_Pad0.72x0.64mm_HandSolder","~"
"77","20","R27, R37, R58, R59, R63, R67, R76, R116, R119, R121, R122, R140, R155, R165, R166, R254, R255, R257, R259, R260","0R","Device:R_Small","Resistor_SMD:R_0402_1005Metric_Pad0.72x0.64mm_HandSolder","~"
"78","2","R36, R39","1K","Device:R_Small","Resistor_SMD:R_0201_0603Metric_Pad0.64x0.40mm_HandSolder","~"
"79","5","R57, R115, R120, R143, R263","1M","Device:R_Small","Resistor_SMD:R_0402_1005Metric_Pad0.72x0.64mm_HandSolder","~"
"80","1","R60","12K","Device:R_Small","Resistor_SMD:R_0402_1005Metric_Pad0.72x0.64mm_HandSolder","~"
"81","24","R61, R65, R66, R69, R70, R74, R75, R78, R79, R95, R96, R97, R98, R130, R135, R136, R139, R141, R154, R164, R240, R242, R244, R247","DNP","Device:R_Small","","~"
"82","6","R62, R71, R72, R80, R81, R184","240R","Device:R_Small","Resistor_SMD:R_0402_1005Metric_Pad0.72x0.64mm_HandSolder","~"
"83","18","R64, R68, R73, R77, R82, R83, R99, R100, R111, R112, R118, R138, R142, R241, R243, R245, R246, R252","10K","Device:R_Small","Resistor_SMD:R_0402_1005Metric_Pad0.72x0.64mm_HandSolder","~"
"84","1","R133","0R","Device:R_Small","Resistor_SMD:R_0201_0603Metric_Pad0.64x0.40mm_HandSolder","~"
"85","1","R151","1M","Device:R_Small","Resistor_SMD:R_1206_3216Metric_Pad1.30x1.75mm_HandSolder","~"
"86","1","R159","10k","Device:R_Small","Resistor_SMD:R_0402_1005Metric_Pad0.72x0.64mm_HandSolder","~"
"87","3","R162, R163, R261","49.9K","Device:R_Small","Resistor_SMD:R_0402_1005Metric_Pad0.72x0.64mm_HandSolder","~"
"88","2","R248, R249","5.1K","Device:R_Small","Resistor_SMD:R_0402_1005Metric_Pad0.72x0.64mm_HandSolder","~"
"89","2","R256, R262","12.1K","Device:R_Small","Resistor_SMD:R_0402_1005Metric_Pad0.72x0.64mm_HandSolder","~"
"90","1","R258","2.2K","Device:R_Small","Resistor_SMD:R_0402_1005Metric_Pad0.72x0.64mm_HandSolder","~"
"91","1","R264","13.3K","Device:R_Small","Resistor_SMD:R_0402_1005Metric_Pad0.72x0.64mm_HandSolder","~"
"92","4","R269, R270, R271, R272","120R","Device:R_Small","Resistor_SMD:R_0402_1005Metric_Pad0.72x0.64mm_HandSolder","~"
"93","2","SW2, SW3","Tactile-Switch","BeagleV:Tactile-Switch","BeagleV:switch",""
"94","1","U1","GL3520-OS322","BeagleV:GL3520-OS322","BeagleV:GL3520-22-QFN-64_EP_8x8_Pitch0.4mm",""
"95","1","U2","ETA6020D2G","BeagleV:ETA6020D2G","BeagleV:ETA6020-DFN2x2-6L",""
"96","1","U3","DNP","BeagleV:VTH_RST","",""
"97","1","U5","KSZ9031RNXCA","BeagleV:KSZ9031RNXCA","BeagleV:KSZ9031RNX-QFN-48_EP_7.3x7.3_Pitch0.5mm",""
"98","2","U7, U8","32Gbit_RAM","BeagleV:32Gbit_RAM","BeagleV:LPDDR4-200-WFBGA-10x14.5",""
"99","1","U9","VIC-V10","BeagleV:VIC-V10","BeagleV:JH7100 - BGA-961_31x31_20.5x20.5mm",""
"100","1","U11","TDA19988","BeagleV:TDA19988","BeagleV:TDA19988-QFN-64_EP_9x9_Pitch0.5mm",""
"101","1","U12","AP6236","BeagleV:AP6236","BeagleV:AP6356",""
"102","1","U13","LMR62014","BeagleV:LMR62014","BeagleV:DBV0005A-SOT-23",""
"103","1","U14","TPS65086100","BeagleV:TPS65086100","BeagleV:TPS650861-QFN-64_EP_8.15x8.15_Pitch0.4mm",""
"104","1","U16","GD25LQ256DWIGR","BeagleV:256MBit_NOR_FLASH","BeagleV:GD25LQ256D",""
"105","1","X1","25MHz","BeagleV:Crystal","BeagleV:SMCE-2520",""
"106","1","X2","25MHz","BeagleV:Crystal","BeagleV:SMCE-3225",""
"107","1","X3","27MHz","BeagleV:Crystal","BeagleV:SMCE-3225",""
"108","1","X4","Crystal","BeagleV:Crystal","BeagleV:SMCE-3225",""
"109","1","X6","25MHz - Crystal","BeagleV:Crystal","BeagleV:SMCE-2520",""
